run_ts,date,away,home,p_home,exp_total,p_over,total_line,home_ml,away_ml,market_p_home,best_side,best_edge,high_ev
2026-07-21T14:00:08+00:00,2026-07-21,Minnesota Twins,Cleveland Guardians,0.55742,8.75,0.4771,8.5,,,,,,
2026-07-21T14:00:08+00:00,2026-07-21,Los Angeles Dodgers,Philadelphia Phillies,0.45599,8.55,0.4586,8.5,,,,,,
2026-07-21T14:00:08+00:00,2026-07-21,Pittsburgh Pirates,New York Yankees,0.51633,10.64,0.6131,8.5,,,,,,
2026-07-21T14:00:08+00:00,2026-07-21,Tampa Bay Rays,Toronto Blue Jays,0.44126,8.24,0.4304,8.5,,,,,,
2026-07-21T14:00:08+00:00,2026-07-21,Baltimore Orioles,Boston Red Sox,0.57018,8.32,0.4402,8.5,,,,,,
2026-07-21T14:00:08+00:00,2026-07-21,San Diego Padres,Atlanta Braves,0.65035,9.72,0.547,8.5,,,,,,
2026-07-21T14:00:08+00:00,2026-07-21,San Francisco Giants,Kansas City Royals,0.4918,9.79,0.5548,8.5,,,,,,
2026-07-21T14:00:08+00:00,2026-07-21,New York Mets,Milwaukee Brewers,0.5699,8.48,0.4568,8.5,,,,,,
2026-07-21T14:00:08+00:00,2026-07-21,Detroit Tigers,Chicago Cubs,0.50952,8.85,0.4873,8.5,,,,,,
2026-07-21T14:00:08+00:00,2026-07-21,Chicago White Sox,Texas Rangers,0.50883,10.11,0.5784,8.5,,,,,,
2026-07-21T14:00:08+00:00,2026-07-21,Miami Marlins,Houston Astros,0.45668,10.19,0.5773,8.5,,,,,,
2026-07-21T14:00:08+00:00,2026-07-21,Washington Nationals,Colorado Rockies,0.45004,14.07,0.743,8.5,,,,,,
2026-07-21T14:00:08+00:00,2026-07-21,St. Louis Cardinals,Los Angeles Angels,0.49847,9.77,0.5548,8.5,,,,,,
2026-07-21T14:00:08+00:00,2026-07-21,Athletics,Arizona Diamondbacks,0.57314,10.51,0.6017,8.5,,,,,,
2026-07-21T14:00:08+00:00,2026-07-21,Cincinnati Reds,Seattle Mariners,0.44278,7.84,0.3896,8.5,,,,,,
2026-07-22T14:56:27+00:00,2026-07-22,Pittsburgh Pirates,New York Yankees,0.5089,11.01,0.6308,8.5,-163.0,163.0,0.6198,away,0.1134,1
2026-07-22T14:56:27+00:00,2026-07-22,Pittsburgh Pirates,New York Yankees,0.58118,10.07,0.5736,8.5,-152.0,152.0,0.6032,away,0.0445,1
2026-07-22T14:56:27+00:00,2026-07-22,Baltimore Orioles,Boston Red Sox,0.60855,9.47,0.5316,8.5,-141.0,141.0,0.5851,away,0.0064,0
2026-07-22T14:56:27+00:00,2026-07-22,Baltimore Orioles,Boston Red Sox,0.50188,8.97,0.4948,8.5,-126.0,126.0,0.5575,away,0.0562,1
2026-07-22T14:56:27+00:00,2026-07-22,San Francisco Giants,Kansas City Royals,0.46285,9.13,0.505,8.5,112.0,-112.0,0.4717,home,0.0016,0
2026-07-22T14:56:27+00:00,2026-07-22,New York Mets,Milwaukee Brewers,0.62607,8.09,0.42,8.5,-128.0,128.0,0.5614,home,0.0302,0
2026-07-22T14:56:27+00:00,2026-07-22,Washington Nationals,Colorado Rockies,0.43202,12.06,0.6707,8.5,129.0,-129.0,0.4367,home,0.0143,0
2026-07-22T14:56:27+00:00,2026-07-22,Athletics,Arizona Diamondbacks,0.49924,10.4,0.5964,8.5,-117.0,117.0,0.5392,away,0.0397,1
2026-07-22T14:56:27+00:00,2026-07-22,Cincinnati Reds,Seattle Mariners,0.61344,7.94,0.4047,8.5,-140.0,140.0,0.5833,away,0.001,0
2026-07-22T14:56:27+00:00,2026-07-22,St. Louis Cardinals,Los Angeles Angels,0.53264,9.49,0.5355,8.5,-119.0,119.0,0.5434,away,0.0199,0
2026-07-22T14:56:27+00:00,2026-07-22,Minnesota Twins,Cleveland Guardians,0.5282,8.95,0.4901,8.5,-116.0,116.0,0.537,away,0.0167,0
2026-07-22T14:56:27+00:00,2026-07-22,Los Angeles Dodgers,Philadelphia Phillies,0.45523,10.14,0.5766,8.5,110.0,-110.0,0.4762,away,0.0084,0
2026-07-22T14:56:27+00:00,2026-07-22,Tampa Bay Rays,Toronto Blue Jays,0.44935,8.35,0.4387,8.5,-102.0,102.0,0.505,away,0.0415,1
2026-07-22T14:56:27+00:00,2026-07-22,San Diego Padres,Atlanta Braves,0.56866,9.27,0.5177,8.5,-106.0,106.0,0.5146,home,0.035,0
2026-07-22T14:56:27+00:00,2026-07-22,Chicago White Sox,Texas Rangers,0.51279,9.57,0.5377,8.5,-100.0,-100.0,0.5,home,0.0092,0
2026-07-22T14:56:27+00:00,2026-07-22,Detroit Tigers,Chicago Cubs,0.53098,8.85,0.4867,8.5,-111.0,111.0,0.5261,away,0.0038,0
2026-07-22T14:56:27+00:00,2026-07-22,Miami Marlins,Houston Astros,0.5205,9.17,0.5151,8.5,-110.0,110.0,0.5238,away,0.0091,0
2026-07-22T15:36:39+00:00,2026-07-22,Pittsburgh Pirates,New York Yankees,0.5089,11.01,0.6308,8.5,-165.0,165.0,0.6226,away,0.1162,1
2026-07-22T15:36:39+00:00,2026-07-22,Pittsburgh Pirates,New York Yankees,0.58118,10.07,0.5736,8.5,-152.0,152.0,0.6032,away,0.0445,1
2026-07-22T15:36:39+00:00,2026-07-22,Baltimore Orioles,Boston Red Sox,0.59582,9.55,0.5389,8.5,-143.0,143.0,0.5885,away,0.0191,0
2026-07-22T15:36:39+00:00,2026-07-22,Baltimore Orioles,Boston Red Sox,0.50869,8.96,0.492,8.5,-126.0,126.0,0.5575,away,0.0513,1
2026-07-22T15:36:39+00:00,2026-07-22,San Francisco Giants,Kansas City Royals,0.44016,9.36,0.5204,8.5,118.0,-118.0,0.4587,away,0.0019,0
2026-07-22T15:36:39+00:00,2026-07-22,New York Mets,Milwaukee Brewers,0.65022,8.23,0.4308,8.5,-143.0,143.0,0.5885,home,0.0212,0
2026-07-22T15:36:39+00:00,2026-07-22,Washington Nationals,Colorado Rockies,0.43906,12.07,0.6725,8.5,129.0,-129.0,0.4367,home,0.0194,0
2026-07-22T15:36:39+00:00,2026-07-22,Athletics,Arizona Diamondbacks,0.49215,10.42,0.5966,8.5,-117.0,117.0,0.5392,away,0.0448,1
2026-07-22T15:36:39+00:00,2026-07-22,Cincinnati Reds,Seattle Mariners,0.60679,7.94,0.4014,8.5,-141.0,141.0,0.5851,away,0.0077,0
2026-07-22T15:36:39+00:00,2026-07-22,St. Louis Cardinals,Los Angeles Angels,0.53285,9.48,0.5344,8.5,-121.0,121.0,0.5475,away,0.0239,0
2026-07-22T15:36:39+00:00,2026-07-22,Minnesota Twins,Cleveland Guardians,0.52272,8.94,0.4905,8.5,-116.0,116.0,0.537,away,0.0207,0
2026-07-22T15:36:39+00:00,2026-07-22,Los Angeles Dodgers,Philadelphia Phillies,0.45668,10.17,0.5765,8.5,111.0,-111.0,0.4739,away,0.0051,0
2026-07-22T15:36:39+00:00,2026-07-22,Tampa Bay Rays,Toronto Blue Jays,0.45523,8.35,0.439,8.5,-100.0,-100.0,0.5,away,0.0323,0
2026-07-22T15:36:39+00:00,2026-07-22,San Diego Padres,Atlanta Braves,0.57094,9.27,0.5193,8.5,-107.0,107.0,0.5169,home,0.0343,0
2026-07-22T15:36:39+00:00,2026-07-22,Chicago White Sox,Texas Rangers,0.52681,9.55,0.5393,8.5,-100.0,-100.0,0.5,home,0.0193,0
2026-07-22T15:36:39+00:00,2026-07-22,Detroit Tigers,Chicago Cubs,0.52897,8.86,0.4844,8.5,-111.0,111.0,0.5261,away,0.0052,0
2026-07-22T15:36:39+00:00,2026-07-22,Miami Marlins,Houston Astros,0.52813,9.15,0.5097,8.5,-110.0,110.0,0.5238,away,0.0036,0
2026-07-22T22:05:19+00:00,2026-07-22,Pittsburgh Pirates,New York Yankees,0.50771,10.91,0.6247,8.5,-169.0,169.0,0.6283,away,0.1227,1
2026-07-22T22:05:19+00:00,2026-07-22,Pittsburgh Pirates,New York Yankees,0.56108,10.52,0.6028,8.5,-165.0,165.0,0.6226,away,0.0786,1
2026-07-22T22:05:19+00:00,2026-07-22,Baltimore Orioles,Boston Red Sox,0.60801,9.68,0.5451,8.5,-146.0,146.0,0.5935,away,0.0152,0
2026-07-22T22:05:19+00:00,2026-07-22,Baltimore Orioles,Boston Red Sox,0.45772,9.6,0.541,8.5,-115.0,115.0,0.5349,away,0.0653,1
2026-07-22T22:05:19+00:00,2026-07-22,San Francisco Giants,Kansas City Royals,0.45184,9.24,0.5157,8.5,120.0,-120.0,0.4545,home,0.0108,0
2026-07-22T22:05:19+00:00,2026-07-22,New York Mets,Milwaukee Brewers,0.65903,8.27,0.4359,8.5,-143.0,143.0,0.5885,home,0.0279,0
2026-07-22T22:05:19+00:00,2026-07-22,Washington Nationals,Colorado Rockies,0.44023,12.71,0.6935,8.5,128.0,-128.0,0.4386,home,0.0183,0
2026-07-22T22:05:19+00:00,2026-07-22,Athletics,Arizona Diamondbacks,0.52029,10.97,0.6242,8.5,-121.0,121.0,0.5475,away,0.0329,0
2026-07-22T22:05:19+00:00,2026-07-22,Cincinnati Reds,Seattle Mariners,0.60998,7.79,0.3855,8.5,-142.0,142.0,0.5868,away,0.007,0
2026-07-22T22:05:19+00:00,2026-07-22,St. Louis Cardinals,Los Angeles Angels,0.50591,9.27,0.5191,8.5,-119.0,119.0,0.5434,away,0.0391,1
2026-07-22T22:05:19+00:00,2026-07-22,Minnesota Twins,Cleveland Guardians,0.50966,9.1,0.5039,8.5,-130.0,129.0,0.5641,away,0.0572,1
2026-07-22T22:05:19+00:00,2026-07-22,Los Angeles Dodgers,Philadelphia Phillies,0.42748,10.8,0.6169,8.5,113.0,-113.0,0.4695,away,0.0218,0
2026-07-22T22:05:19+00:00,2026-07-22,Tampa Bay Rays,Toronto Blue Jays,0.42342,8.46,0.4511,8.5,-100.0,100.0,0.5,away,0.0553,1
2026-07-22T22:05:19+00:00,2026-07-22,San Diego Padres,Atlanta Braves,0.59008,9.27,0.5213,8.5,-106.0,106.0,0.5146,home,0.0506,1
2026-07-22T22:05:19+00:00,2026-07-22,Chicago White Sox,Texas Rangers,0.5341,9.64,0.5448,8.5,111.0,-111.0,0.4739,home,0.0506,1
2026-07-22T22:05:19+00:00,2026-07-22,Detroit Tigers,Chicago Cubs,0.53639,9.12,0.5064,8.5,-113.0,113.0,0.5305,away,0.0043,0
2026-07-22T22:05:19+00:00,2026-07-22,Miami Marlins,Houston Astros,0.51056,9.43,0.5319,8.5,-105.0,105.0,0.5122,away,0.0046,0
2026-07-24T14:01:06+00:00,2026-07-24,Colorado Rockies,Milwaukee Brewers,0.66805,9.42,0.5302,8.5,-220.0,220.0,0.6875,away,0.0643,1
2026-07-24T14:01:06+00:00,2026-07-24,Kansas City Royals,Detroit Tigers,0.7206,8.55,0.453,8.5,-258.0,258.0,0.7207,away,0.0566,1
2026-07-24T14:01:06+00:00,2026-07-24,Chicago Cubs,Pittsburgh Pirates,0.53091,9.54,0.5355,8.5,-109.0,109.0,0.5215,home,0.0007,0
2026-07-24T14:01:06+00:00,2026-07-24,Arizona Diamondbacks,Washington Nationals,0.4526,9.97,0.5647,8.5,114.0,-114.0,0.4673,away,0.0014,0
2026-07-24T14:01:06+00:00,2026-07-24,New York Yankees,Philadelphia Phillies,0.43154,7.89,0.3996,8.5,-124.0,124.0,0.5536,away,0.103,1
2026-07-24T14:01:06+00:00,2026-07-24,Atlanta Braves,Baltimore Orioles,0.47791,9.63,0.5455,8.5,-107.0,107.0,0.5169,away,0.0328,0
2026-07-24T14:01:06+00:00,2026-07-24,Los Angeles Dodgers,New York Mets,0.41307,9.47,0.5326,8.5,124.0,-124.0,0.4464,away,0.0093,0
2026-07-24T14:01:06+00:00,2026-07-24,Cleveland Guardians,Tampa Bay Rays,0.58591,7.88,0.3997,8.5,-118.0,118.0,0.5413,home,0.0208,0
2026-07-24T14:01:06+00:00,2026-07-24,San Diego Padres,Miami Marlins,0.60998,9.31,0.5233,8.5,-123.0,123.0,0.5516,home,0.0282,0
2026-07-24T14:01:06+00:00,2026-07-24,Toronto Blue Jays,Boston Red Sox,0.54941,8.68,0.4695,8.5,-117.0,117.0,0.5392,away,0.0036,0
2026-07-24T14:01:06+00:00,2026-07-24,Houston Astros,Chicago White Sox,0.6091,9.02,0.4975,8.5,-121.0,121.0,0.5475,home,0.0316,0
2026-07-24T14:01:06+00:00,2026-07-24,Seattle Mariners,Texas Rangers,0.43878,8.24,0.4289,8.5,109.0,-109.0,0.4785,away,0.0226,0
2026-07-24T14:01:06+00:00,2026-07-24,Athletics,Minnesota Twins,0.57946,10.83,0.6226,8.5,-130.0,130.0,0.5652,away,0.0078,0
2026-07-24T14:01:06+00:00,2026-07-24,Cincinnati Reds,St. Louis Cardinals,0.58433,9.06,0.5036,8.5,-141.0,141.0,0.5851,away,0.0241,0
2026-07-24T14:01:06+00:00,2026-07-24,Los Angeles Angels,San Francisco Giants,0.61757,8.98,0.4975,8.5,-155.0,155.0,0.6078,away,0.0225,0
2026-07-24T14:08:44+00:00,2026-07-24,Colorado Rockies,Milwaukee Brewers,0.67198,9.39,0.5235,8.5,-220.0,220.0,0.6875,away,0.0613,1
2026-07-24T14:08:44+00:00,2026-07-24,Kansas City Royals,Detroit Tigers,0.71928,8.54,0.4546,8.5,-258.0,258.0,0.7207,away,0.0576,1
2026-07-24T14:08:44+00:00,2026-07-24,Chicago Cubs,Pittsburgh Pirates,0.51973,9.56,0.5383,8.5,-109.0,109.0,0.5215,away,0.0073,0
2026-07-24T14:08:44+00:00,2026-07-24,Arizona Diamondbacks,Washington Nationals,0.4589,9.94,0.5638,8.5,114.0,-114.0,0.4673,home,0.0031,0
2026-07-24T14:08:44+00:00,2026-07-24,New York Yankees,Philadelphia Phillies,0.43147,7.87,0.3974,8.5,-124.0,124.0,0.5536,away,0.103,1
2026-07-24T14:08:44+00:00,2026-07-24,Atlanta Braves,Baltimore Orioles,0.47686,9.62,0.5427,8.5,-107.0,107.0,0.5169,away,0.0336,0
2026-07-24T14:08:44+00:00,2026-07-24,Los Angeles Dodgers,New York Mets,0.40363,9.51,0.5333,8.5,125.0,-125.0,0.4444,away,0.0142,0
2026-07-24T14:08:44+00:00,2026-07-24,Cleveland Guardians,Tampa Bay Rays,0.58296,7.9,0.4004,8.5,-118.0,118.0,0.5413,home,0.0187,0
2026-07-24T14:08:44+00:00,2026-07-24,San Diego Padres,Miami Marlins,0.60366,9.29,0.5206,8.5,-123.0,123.0,0.5516,home,0.0235,0
2026-07-24T14:08:44+00:00,2026-07-24,Toronto Blue Jays,Boston Red Sox,0.54948,8.73,0.4774,8.5,-117.0,117.0,0.5392,away,0.0035,0
2026-07-24T14:08:44+00:00,2026-07-24,Houston Astros,Chicago White Sox,0.61168,9.08,0.5063,8.5,-121.0,121.0,0.5475,home,0.0335,0
2026-07-24T14:08:44+00:00,2026-07-24,Seattle Mariners,Texas Rangers,0.44168,8.26,0.4331,8.5,108.0,-108.0,0.4808,away,0.0228,0
2026-07-24T14:08:44+00:00,2026-07-24,Athletics,Minnesota Twins,0.58337,10.84,0.6173,8.5,-130.0,130.0,0.5652,away,0.005,0
2026-07-24T14:08:44+00:00,2026-07-24,Cincinnati Reds,St. Louis Cardinals,0.58296,9.03,0.4986,8.5,-141.0,141.0,0.5851,away,0.0251,0
2026-07-24T14:08:44+00:00,2026-07-24,Los Angeles Angels,San Francisco Giants,0.60957,8.96,0.4953,8.5,-146.0,146.0,0.5935,away,0.014,0
2026-07-26T14:01:09+00:00,2026-07-26,Cleveland Guardians,Tampa Bay Rays,0.5411,7.65,0.3732,8.5,-116.0,116.0,0.537,away,0.0074,0
2026-07-26T14:01:09+00:00,2026-07-26,Arizona Diamondbacks,Washington Nationals,0.46597,11.08,0.6261,8.5,108.0,-108.0,0.4808,away,0.0053,0
2026-07-26T14:01:09+00:00,2026-07-26,Chicago Cubs,Pittsburgh Pirates,0.58454,10.34,0.5941,8.5,-120.0,120.0,0.5455,home,0.0156,0
2026-07-26T14:01:09+00:00,2026-07-26,Toronto Blue Jays,Boston Red Sox,0.63313,7.72,0.38,8.5,-125.0,125.0,0.5556,home,0.0413,1
2026-07-26T14:01:09+00:00,2026-07-26,Atlanta Braves,Baltimore Orioles,0.46036,9.43,0.5309,8.5,101.0,-101.0,0.4975,away,0.0261,0
2026-07-26T14:01:09+00:00,2026-07-26,Kansas City Royals,Detroit Tigers,0.58967,9.18,0.5115,8.5,-169.0,169.0,0.6283,away,0.0634,1
2026-07-26T14:01:09+00:00,2026-07-26,Los Angeles Dodgers,New York Mets,0.38534,9.03,0.4948,8.5,143.0,-143.0,0.4115,home,0.0053,0
2026-07-26T14:01:09+00:00,2026-07-26,San Diego Padres,Miami Marlins,0.56674,9.55,0.5409,8.5,-118.0,118.0,0.5413,home,0.0069,0
2026-07-26T14:01:09+00:00,2026-07-26,Athletics,Minnesota Twins,0.58995,11.12,0.6338,8.5,-139.0,139.0,0.5816,away,0.0165,0
2026-07-26T14:01:09+00:00,2026-07-26,Houston Astros,Chicago White Sox,0.4959,10.2,0.5776,8.5,-101.0,101.0,0.5025,away,0.0054,0
2026-07-26T14:01:09+00:00,2026-07-26,Colorado Rockies,Milwaukee Brewers,0.77448,8.97,0.4797,8.5,-294.0,294.0,0.7462,away,0.0378,1
2026-07-26T14:01:09+00:00,2026-07-26,Cincinnati Reds,St. Louis Cardinals,0.5787,8.93,0.4912,8.5,-120.0,120.0,0.5455,home,0.0114,0
2026-07-26T14:01:09+00:00,2026-07-26,Seattle Mariners,Texas Rangers,0.48999,8.03,0.4085,8.5,-102.0,102.0,0.505,away,0.0122,0
2026-07-26T14:01:09+00:00,2026-07-26,Los Angeles Angels,San Francisco Giants,0.47548,9.14,0.5036,8.5,-101.0,101.0,0.5025,away,0.0201,0
2026-07-26T14:01:09+00:00,2026-07-26,New York Yankees,Philadelphia Phillies,0.58611,8.27,0.4342,8.5,-168.0,168.0,0.6269,away,0.0646,1
2026-07-27T17:09:57+00:00,2026-07-27,Seattle Mariners,Texas Rangers,0.46632,8.53,0.4572,8.5,118.0,-118.0,0.4587,home,0.017,0
2026-07-27T17:09:57+00:00,2026-07-27,Baltimore Orioles,Detroit Tigers,0.5123,8.76,0.4783,8.5,-108.0,108.0,0.5192,away,0.0104,0
2026-07-27T17:09:57+00:00,2026-07-27,Arizona Diamondbacks,Pittsburgh Pirates,0.56742,10.51,0.6055,8.5,-109.0,109.0,0.5215,home,0.0271,0
2026-07-27T17:09:57+00:00,2026-07-27,Philadelphia Phillies,Miami Marlins,0.3975,8.16,0.4237,8.5,168.0,-168.0,0.3731,home,0.0526,1
2026-07-27T17:09:57+00:00,2026-07-27,Toronto Blue Jays,Washington Nationals,0.64236,10.63,0.6079,8.5,-113.0,113.0,0.5305,home,0.0733,1
2026-07-27T17:09:57+00:00,2026-07-27,Cleveland Guardians,Cincinnati Reds,0.63688,8.67,0.4652,8.5,-149.0,149.0,0.5984,home,0.0013,0
2026-07-27T17:09:57+00:00,2026-07-27,Atlanta Braves,New York Mets,0.48694,8.42,0.4488,8.5,101.0,-101.0,0.4975,away,0.0069,0
2026-07-27T17:09:57+00:00,2026-07-27,New York Yankees,Chicago White Sox,0.36976,9.61,0.539,8.5,134.0,-134.0,0.4274,away,0.0221,0
2026-07-27T17:09:57+00:00,2026-07-27,Chicago Cubs,St. Louis Cardinals,0.5164,10.63,0.61,8.5,112.0,-112.0,0.4717,home,0.0401,0
2026-07-27T17:09:57+00:00,2026-07-27,Houston Astros,Los Angeles Angels,0.52647,10.07,0.5729,8.5,101.0,-101.0,0.4975,home,0.0215,0
2026-07-27T17:09:57+00:00,2026-07-27,Boston Red Sox,Athletics,0.38629,10.06,0.5677,8.5,159.0,-159.0,0.3861,home,0.0314,0
2026-07-27T17:09:57+00:00,2026-07-27,Milwaukee Brewers,San Francisco Giants,0.42487,9.97,0.5665,8.5,125.0,-125.0,0.4444,home,0.0013,0
2026-07-27T17:12:19+00:00,2026-07-27,Seattle Mariners,Texas Rangers,0.46632,8.53,0.4572,8.5,118.0,-118.0,0.4587,home,0.017,0
2026-07-27T17:12:19+00:00,2026-07-27,Baltimore Orioles,Detroit Tigers,0.5123,8.76,0.4783,8.5,-108.0,108.0,0.5192,away,0.0104,0
2026-07-27T17:12:19+00:00,2026-07-27,Arizona Diamondbacks,Pittsburgh Pirates,0.56742,10.51,0.6055,8.5,-109.0,109.0,0.5215,home,0.0271,0
2026-07-27T17:12:19+00:00,2026-07-27,Philadelphia Phillies,Miami Marlins,0.3975,8.16,0.4237,8.5,168.0,-168.0,0.3731,home,0.0526,1
2026-07-27T17:12:19+00:00,2026-07-27,Toronto Blue Jays,Washington Nationals,0.64236,10.63,0.6079,8.5,-113.0,113.0,0.5305,home,0.0733,1
2026-07-27T17:12:19+00:00,2026-07-27,Cleveland Guardians,Cincinnati Reds,0.63688,8.67,0.4652,8.5,-149.0,149.0,0.5984,home,0.0013,0
2026-07-27T17:12:19+00:00,2026-07-27,Atlanta Braves,New York Mets,0.48694,8.42,0.4488,8.5,101.0,-101.0,0.4975,away,0.0069,0
2026-07-27T17:12:19+00:00,2026-07-27,New York Yankees,Chicago White Sox,0.36976,9.61,0.539,8.5,134.0,-134.0,0.4274,away,0.0221,0
2026-07-27T17:12:19+00:00,2026-07-27,Chicago Cubs,St. Louis Cardinals,0.5164,10.63,0.61,8.5,112.0,-112.0,0.4717,home,0.0401,0
2026-07-27T17:12:19+00:00,2026-07-27,Houston Astros,Los Angeles Angels,0.52647,10.07,0.5729,8.5,101.0,-101.0,0.4975,home,0.0215,0
2026-07-27T17:12:19+00:00,2026-07-27,Boston Red Sox,Athletics,0.38629,10.06,0.5677,8.5,159.0,-159.0,0.3861,home,0.0314,0
2026-07-27T17:12:19+00:00,2026-07-27,Milwaukee Brewers,San Francisco Giants,0.42487,9.97,0.5665,8.5,125.0,-125.0,0.4444,home,0.0013,0
2026-07-28T20:40:10+00:00,2026-07-28,Cleveland Guardians,Cincinnati Reds,0.62445,8.43,0.4479,8.5,-148.0,148.0,0.5968,away,0.0063,0
2026-07-28T20:40:10+00:00,2026-07-28,Cleveland Guardians,Cincinnati Reds,0.482,8.65,0.4674,8.5,130.0,-130.0,0.4348,home,0.0523,0
2026-07-28T20:40:10+00:00,2026-07-28,Baltimore Orioles,Detroit Tigers,0.63802,8.78,0.476,8.5,-130.0,130.0,0.5652,home,0.0353,1
2026-07-28T20:40:10+00:00,2026-07-28,Arizona Diamondbacks,Pittsburgh Pirates,0.53569,10.04,0.5732,8.5,-105.0,105.0,0.5122,home,0.0135,0
2026-07-28T20:40:10+00:00,2026-07-28,Texas Rangers,Tampa Bay Rays,0.6435,8.96,0.4945,8.5,-157.0,157.0,0.6109,away,0.0062,0
2026-07-28T20:40:10+00:00,2026-07-28,Philadelphia Phillies,Miami Marlins,0.61824,9.55,0.5365,8.5,-119.0,119.0,0.5434,home,0.0425,1
2026-07-28T20:40:10+00:00,2026-07-28,Toronto Blue Jays,Washington Nationals,0.63695,10.07,0.5743,8.5,-130.0,130.0,0.5652,home,0.0345,0
2026-07-28T20:40:10+00:00,2026-07-28,Kansas City Royals,Minnesota Twins,0.63031,9.62,0.5414,8.5,-160.0,160.0,0.6154,away,0.0206,0
2026-07-28T20:40:10+00:00,2026-07-28,New York Yankees,Chicago White Sox,0.49965,9.26,0.5191,8.5,111.0,-111.0,0.4739,home,0.0258,0
2026-07-28T20:40:10+00:00,2026-07-28,Chicago Cubs,St. Louis Cardinals,0.5626,9.45,0.5327,8.5,105.0,-105.0,0.4878,home,0.0573,1
2026-07-28T20:40:10+00:00,2026-07-28,Houston Astros,Los Angeles Angels,0.47221,8.91,0.4908,8.5,100.0,-100.0,0.5,away,0.02,0
2026-07-28T20:40:10+00:00,2026-07-28,Boston Red Sox,Athletics,0.42384,9.51,0.5308,8.5,136.0,-136.0,0.4237,home,0.0213,0
2026-07-28T20:40:10+00:00,2026-07-28,Colorado Rockies,San Diego Padres,0.60475,9.57,0.5381,8.5,-201.0,201.0,0.6678,away,0.0919,1
2026-07-28T20:40:10+00:00,2026-07-28,Milwaukee Brewers,San Francisco Giants,0.41129,8.75,0.477,8.5,137.0,-137.0,0.4219,home,0.0139,0
2026-07-28T20:40:10+00:00,2026-07-28,Seattle Mariners,Los Angeles Dodgers,0.70975,8.77,0.4764,8.5,-172.0,172.0,0.6324,home,0.0231,0
2026-07-28T20:40:10+00:00,2026-07-28,Atlanta Braves,New York Mets,0.35997,7.96,0.4026,8.5,146.0,-146.0,0.4065,away,0.0086,0
2026-07-29T16:20:13+00:00,2026-07-29,Philadelphia Phillies,Miami Marlins,0.47409,8.85,0.4815,8.5,146.0,-146.0,0.4065,home,0.0748,1
2026-07-29T16:20:13+00:00,2026-07-29,Arizona Diamondbacks,Pittsburgh Pirates,0.5164,9.45,0.5335,8.5,-123.0,123.0,0.5516,away,0.0398,1
2026-07-29T16:20:13+00:00,2026-07-29,Toronto Blue Jays,Washington Nationals,0.55528,10.41,0.5988,8.5,108.0,-108.0,0.4808,home,0.0591,1
2026-07-29T16:20:13+00:00,2026-07-29,Baltimore Orioles,Detroit Tigers,0.6789,7.75,0.3877,8.5,-172.0,172.0,0.6324,away,0.0009,0
2026-07-29T16:20:13+00:00,2026-07-29,Atlanta Braves,New York Mets,0.40657,9.36,0.5228,8.5,102.0,-102.0,0.495,away,0.0626,1
2026-07-29T16:20:13+00:00,2026-07-29,Atlanta Braves,New York Mets,0.35297,7.95,0.4019,8.5,139.0,-139.0,0.4184,away,0.0257,0
2026-07-29T16:20:13+00:00,2026-07-29,Milwaukee Brewers,San Francisco Giants,0.46819,8.6,0.4629,8.5,114.0,-114.0,0.4673,home,0.0098,0
2026-07-29T16:20:13+00:00,2026-07-29,Colorado Rockies,San Diego Padres,0.55494,9.05,0.5007,8.5,-147.0,147.0,0.5951,away,0.0555,0
2026-07-29T16:20:13+00:00,2026-07-29,Texas Rangers,Tampa Bay Rays,0.5255,8.48,0.4545,8.5,-131.0,131.0,0.5671,away,0.0487,1
2026-07-29T16:20:13+00:00,2026-07-29,Cleveland Guardians,Cincinnati Reds,0.45606,9.0,0.4977,8.5,124.0,-124.0,0.4464,home,0.0219,0
2026-07-29T16:20:13+00:00,2026-07-29,Kansas City Royals,Minnesota Twins,0.59951,9.52,0.5326,8.5,-179.0,179.0,0.6416,away,0.0695,1
2026-07-29T16:20:13+00:00,2026-07-29,New York Yankees,Chicago White Sox,0.43837,7.91,0.3976,8.5,134.0,-134.0,0.4274,home,0.0282,0
2026-07-29T16:20:13+00:00,2026-07-29,Chicago Cubs,St. Louis Cardinals,0.41896,9.4,0.5281,8.5,-100.0,-100.0,0.5,away,0.0585,1
2026-07-29T16:20:13+00:00,2026-07-29,Houston Astros,Los Angeles Angels,0.46153,10.25,0.5867,8.5,121.0,-121.0,0.4525,home,0.0198,0
2026-07-29T16:20:13+00:00,2026-07-29,Boston Red Sox,Athletics,0.40746,10.2,0.5803,8.5,139.0,-139.0,0.4184,home,0.0146,0
2026-07-29T16:20:13+00:00,2026-07-29,Seattle Mariners,Los Angeles Dodgers,0.4861,9.43,0.5282,8.5,-148.0,148.0,0.5968,away,0.1068,1
2026-07-30T15:39:14+00:00,2026-07-30,Texas Rangers,Tampa Bay Rays,0.62115,8.66,0.4704,8.5,-163.0,163.0,0.6198,away,0.0318,0
2026-07-30T15:39:14+00:00,2026-07-30,Kansas City Royals,Minnesota Twins,0.57953,9.9,0.5597,8.5,-125.0,125.0,0.5556,home,0.0019,0
2026-07-30T15:39:14+00:00,2026-07-30,New York Yankees,Chicago White Sox,0.56177,9.12,0.5094,8.5,-105.0,105.0,0.5122,home,0.0324,0
2026-07-30T15:39:14+00:00,2026-07-30,Chicago Cubs,St. Louis Cardinals,0.47575,10.06,0.5738,8.5,-106.0,106.0,0.5146,away,0.032,0
2026-07-30T15:39:14+00:00,2026-07-30,Pittsburgh Pirates,Cincinnati Reds,0.4178,10.71,0.6065,8.5,104.0,-104.0,0.4902,away,0.0496,1
2026-07-30T15:39:14+00:00,2026-07-30,Miami Marlins,New York Mets,0.50292,8.16,0.4272,8.5,-118.0,118.0,0.5413,away,0.0392,1
2026-07-30T15:39:14+00:00,2026-07-30,Washington Nationals,Atlanta Braves,0.57568,10.79,0.6109,8.5,-139.0,139.0,0.5816,away,0.0269,0
2026-07-30T15:39:14+00:00,2026-07-30,Boston Red Sox,Athletics,0.36828,9.44,0.5245,8.5,160.0,-160.0,0.3846,home,0.0195,0
2026-07-30T15:39:14+00:00,2026-07-30,San Francisco Giants,San Diego Padres,0.47527,8.91,0.4855,8.5,-140.0,140.0,0.5833,away,0.1011,1
2026-07-30T15:39:14+00:00,2026-07-30,Seattle Mariners,Los Angeles Dodgers,0.55425,9.06,0.501,8.5,-141.0,141.0,0.5851,away,0.046,1
2026-07-31T14:01:06+00:00,2026-07-31,New York Yankees,Chicago Cubs,0.56791,9.34,0.5249,8.5,-141.0,141.0,0.5851,away,0.0361,1
2026-07-31T14:01:06+00:00,2026-07-31,Pittsburgh Pirates,Cincinnati Reds,0.40848,10.0,0.5653,8.5,116.0,-116.0,0.463,away,0.0292,0
2026-07-31T14:01:06+00:00,2026-07-31,Philadelphia Phillies,Baltimore Orioles,0.53701,9.4,0.5294,8.5,-106.0,106.0,0.5146,home,0.0121,0
2026-07-31T14:01:06+00:00,2026-07-31,St. Louis Cardinals,Toronto Blue Jays,0.5844,7.86,0.3952,8.5,-166.0,166.0,0.6241,away,0.0631,1
2026-07-31T14:01:06+00:00,2026-07-31,Arizona Diamondbacks,Cleveland Guardians,0.5214,8.45,0.4546,8.5,-133.0,133.0,0.5708,away,0.0554,1
2026-07-31T14:01:06+00:00,2026-07-31,Chicago White Sox,Tampa Bay Rays,0.63655,8.79,0.4792,8.5,-127.0,127.0,0.5595,home,0.04,1
2026-07-31T14:01:06+00:00,2026-07-31,Miami Marlins,New York Mets,0.48436,9.11,0.5016,8.5,-118.0,118.0,0.5413,away,0.0525,1
2026-07-31T14:01:06+00:00,2026-07-31,Washington Nationals,Atlanta Braves,0.46049,9.85,0.5549,8.5,-109.0,109.0,0.5215,away,0.05,1
2026-07-31T14:01:06+00:00,2026-07-31,Texas Rangers,Houston Astros,0.55943,9.18,0.5121,8.5,-118.0,118.0,0.5413,home,0.0016,0
2026-07-31T14:01:06+00:00,2026-07-31,Kansas City Royals,Colorado Rockies,0.45572,10.79,0.6184,8.5,102.0,-102.0,0.495,away,0.0269,0
2026-07-31T14:01:06+00:00,2026-07-31,Milwaukee Brewers,Los Angeles Angels,0.3529,10.59,0.5954,8.5,154.0,-154.0,0.3937,away,0.0011,0
2026-07-31T14:01:06+00:00,2026-07-31,Detroit Tigers,Athletics,0.33826,10.37,0.5812,8.5,145.0,-145.0,0.4082,away,0.0266,0
2026-07-31T14:01:06+00:00,2026-07-31,San Francisco Giants,San Diego Padres,0.60114,8.05,0.4173,8.5,-134.0,134.0,0.5726,home,0.0006,0
2026-07-31T14:01:06+00:00,2026-07-31,Boston Red Sox,Los Angeles Dodgers,0.52418,8.03,0.4118,8.5,-113.0,113.0,0.5305,away,0.0131,0
2026-07-31T14:01:06+00:00,2026-07-31,Minnesota Twins,Seattle Mariners,0.57809,8.13,0.4229,8.5,-155.0,155.0,0.6078,away,0.0514,1
2026-08-01T14:01:28+00:00,2026-08-01,St. Louis Cardinals,Toronto Blue Jays,0.48992,8.7,0.471,8.5,-135.0,135.0,0.5745,away,0.0817,1
2026-08-01T14:01:28+00:00,2026-08-01,Minnesota Twins,Seattle Mariners,0.595,8.38,0.4422,8.5,-149.0,149.0,0.5984,away,0.0296,0
2026-08-01T14:01:28+00:00,2026-08-01,Chicago White Sox,Tampa Bay Rays,0.53604,8.39,0.4429,8.5,-154.0,154.0,0.6063,away,0.0803,1
2026-08-01T14:01:28+00:00,2026-08-01,Miami Marlins,New York Mets,0.54775,8.45,0.4501,8.5,-119.0,119.0,0.5434,away,0.009,0
2026-08-01T14:01:28+00:00,2026-08-01,Pittsburgh Pirates,Cincinnati Reds,0.43885,9.62,0.5434,8.5,108.0,-108.0,0.4808,away,0.0249,0
2026-08-01T14:01:28+00:00,2026-08-01,Philadelphia Phillies,Baltimore Orioles,0.41471,8.75,0.4726,8.5,130.0,-130.0,0.4348,home,0.0036,0
2026-08-01T14:01:28+00:00,2026-08-01,Texas Rangers,Houston Astros,0.47902,8.98,0.4909,8.5,117.0,-117.0,0.4608,home,0.0241,0
2026-08-01T14:01:28+00:00,2026-08-01,Arizona Diamondbacks,Cleveland Guardians,0.56694,7.95,0.4018,8.5,-158.0,158.0,0.6124,away,0.0641,1
2026-08-01T14:01:28+00:00,2026-08-01,Washington Nationals,Atlanta Braves,0.62169,10.49,0.5989,8.5,-161.0,161.0,0.6169,away,0.0285,0
2026-08-01T14:01:28+00:00,2026-08-01,New York Yankees,Chicago Cubs,0.40841,8.37,0.4427,8.5,-100.0,-100.0,0.5,away,0.0662,1
2026-08-01T14:01:28+00:00,2026-08-01,Kansas City Royals,Colorado Rockies,0.48805,11.5,0.6513,8.5,-108.0,108.0,0.5192,away,0.0278,0
2026-08-01T14:01:28+00:00,2026-08-01,San Francisco Giants,San Diego Padres,0.49333,9.1,0.5036,8.5,-134.0,134.0,0.5726,away,0.0774,1
2026-08-01T14:01:28+00:00,2026-08-01,Boston Red Sox,Los Angeles Dodgers,0.64583,7.75,0.3809,8.5,-151.0,151.0,0.6016,home,0.0048,0
2026-08-01T14:01:28+00:00,2026-08-01,Milwaukee Brewers,Los Angeles Angels,0.49812,9.49,0.5351,8.5,108.0,-108.0,0.4808,home,0.0179,0
2026-08-01T14:01:28+00:00,2026-08-01,Detroit Tigers,Athletics,0.43471,10.88,0.6207,8.5,135.0,-135.0,0.4255,home,0.0274,0
2026-08-04T16:26:33+00:00,2026-08-04,Los Angeles Angels,Baltimore Orioles,0.59405,9.82,0.5584,8.5,-137.0,137.0,0.5781,away,0.01,0
2026-08-04T16:26:33+00:00,2026-08-04,New York Mets,Cleveland Guardians,0.5539,8.36,0.4429,8.5,-140.0,140.0,0.5833,away,0.0445,1
2026-08-04T16:26:33+00:00,2026-08-04,Athletics,Cincinnati Reds,0.51661,9.98,0.5712,8.5,-121.0,121.0,0.5475,away,0.0356,1
2026-08-04T16:26:33+00:00,2026-08-04,Washington Nationals,Philadelphia Phillies,0.58172,9.98,0.5693,8.5,-242.0,242.0,0.7076,away,0.1486,1
2026-08-04T16:26:33+00:00,2026-08-04,St. Louis Cardinals,New York Yankees,0.56177,9.0,0.4978,8.5,-178.0,178.0,0.6403,away,0.0957,1
2026-08-04T16:26:33+00:00,2026-08-04,Chicago White Sox,Boston Red Sox,0.49242,8.95,0.4917,8.5,-120.0,120.0,0.5455,away,0.0509,1
2026-08-04T16:26:33+00:00,2026-08-04,Miami Marlins,Atlanta Braves,0.58632,9.48,0.5284,8.5,-133.0,133.0,0.5708,away,0.0084,0
2026-08-04T16:26:33+00:00,2026-08-04,Minnesota Twins,Kansas City Royals,0.4479,9.66,0.5463,8.5,132.0,-132.0,0.431,home,0.0314,0
2026-08-04T16:26:33+00:00,2026-08-04,Pittsburgh Pirates,Milwaukee Brewers,0.5961,9.53,0.5367,8.5,-134.0,134.0,0.5726,away,0.0031,0
2026-08-04T16:26:33+00:00,2026-08-04,Los Angeles Dodgers,Chicago Cubs,0.36405,8.78,0.4762,8.5,192.0,-192.0,0.3425,home,0.0585,1
2026-08-04T16:26:33+00:00,2026-08-04,San Francisco Giants,Texas Rangers,0.52633,8.85,0.483,8.5,-177.0,177.0,0.639,away,0.12,1
2026-08-04T16:26:33+00:00,2026-08-04,Toronto Blue Jays,Houston Astros,0.53243,9.17,0.5131,8.5,-119.0,119.0,0.5434,away,0.02,0
2026-08-04T16:26:33+00:00,2026-08-04,Tampa Bay Rays,Colorado Rockies,0.50827,10.62,0.6076,8.5,150.0,-150.0,0.4,home,0.1059,1
2026-08-04T16:26:33+00:00,2026-08-04,San Diego Padres,Arizona Diamondbacks,0.63876,9.59,0.5357,8.5,-112.0,112.0,0.5283,home,0.0728,1
2026-08-04T16:26:33+00:00,2026-08-04,Detroit Tigers,Seattle Mariners,0.52154,7.62,0.369,8.5,-118.0,118.0,0.5413,away,0.0258,0
2026-08-06T14:02:44+00:00,2026-08-06,Los Angeles Angels,Baltimore Orioles,0.62439,10.17,0.5806,8.5,-174.0,174.0,0.635,away,0.0446,1
2026-08-06T14:02:44+00:00,2026-08-06,Athletics,Cincinnati Reds,0.57396,9.92,0.5644,8.5,-151.0,151.0,0.6016,away,0.0482,1
2026-08-06T14:02:44+00:00,2026-08-06,New York Mets,Cleveland Guardians,0.54574,8.18,0.4254,8.5,-110.0,110.0,0.5238,home,0.0091,0
2026-08-06T14:02:44+00:00,2026-08-06,Pittsburgh Pirates,Milwaukee Brewers,0.5332,9.2,0.5132,8.5,-118.0,118.0,0.5413,away,0.0174,0
2026-08-06T14:02:44+00:00,2026-08-06,Toronto Blue Jays,Chicago Cubs,0.48117,8.36,0.4442,8.5,109.0,-109.0,0.4785,home,0.008,0
2026-08-06T14:02:44+00:00,2026-08-06,Detroit Tigers,Seattle Mariners,0.53375,7.69,0.3799,8.5,-119.0,119.0,0.5434,away,0.0191,0
2026-08-06T14:02:44+00:00,2026-08-06,Washington Nationals,Philadelphia Phillies,0.66555,10.1,0.5758,8.5,-291.0,291.0,0.7442,away,0.1229,1
2026-08-06T14:02:44+00:00,2026-08-06,Chicago White Sox,Boston Red Sox,0.62977,9.32,0.5228,8.5,-166.0,166.0,0.6241,away,0.0297,0
2026-08-06T14:02:44+00:00,2026-08-06,Miami Marlins,Atlanta Braves,0.59589,9.01,0.5013,8.5,-133.0,133.0,0.5708,away,0.0014,0
2026-08-06T14:02:44+00:00,2026-08-06,Minnesota Twins,Kansas City Royals,0.51932,9.37,0.5231,8.5,-115.0,115.0,0.5349,away,0.021,0
2026-08-06T14:02:44+00:00,2026-08-06,San Diego Padres,Arizona Diamondbacks,0.56432,10.18,0.5804,8.5,-100.0,-100.0,0.5,home,0.0464,1
2026-08-07T16:14:51+00:00,2026-08-07,New York Mets,Pittsburgh Pirates,0.58001,8.59,0.4642,8.5,-123.0,123.0,0.5516,home,0.0062,0
2026-08-07T16:14:51+00:00,2026-08-07,Toronto Blue Jays,Philadelphia Phillies,0.63454,8.15,0.4195,8.5,-196.0,196.0,0.6622,away,0.0642,1
2026-08-07T16:14:51+00:00,2026-08-07,Cincinnati Reds,Washington Nationals,0.62641,11.08,0.6323,8.5,-110.0,110.0,0.5238,home,0.0681,1
2026-08-07T16:14:51+00:00,2026-08-07,Atlanta Braves,New York Yankees,0.59432,8.74,0.4743,8.5,-128.0,128.0,0.5614,home,0.0068,0
2026-08-07T16:14:51+00:00,2026-08-07,Athletics,Boston Red Sox,0.66226,10.05,0.5696,8.5,-239.0,239.0,0.705,away,0.0862,1
2026-08-07T16:14:51+00:00,2026-08-07,Los Angeles Angels,Miami Marlins,0.5894,8.91,0.4913,8.5,-137.0,137.0,0.5781,away,0.0134,0
2026-08-07T16:14:51+00:00,2026-08-07,Cleveland Guardians,Chicago White Sox,0.44327,9.34,0.5207,8.5,132.0,-132.0,0.431,home,0.0281,0
2026-08-07T16:14:51+00:00,2026-08-07,Minnesota Twins,Milwaukee Brewers,0.62486,9.99,0.5692,8.5,-157.0,157.0,0.6109,away,0.0201,0
2026-08-07T16:14:51+00:00,2026-08-07,Chicago Cubs,Kansas City Royals,0.45205,9.77,0.5533,8.5,154.0,-154.0,0.3937,home,0.0717,1
2026-08-07T16:14:51+00:00,2026-08-07,Colorado Rockies,St. Louis Cardinals,0.63742,9.87,0.5558,8.5,-155.0,155.0,0.6078,away,0.0077,0
2026-08-07T16:14:51+00:00,2026-08-07,Baltimore Orioles,Texas Rangers,0.49785,9.09,0.5044,8.5,-136.0,136.0,0.5763,away,0.0778,1
2026-08-07T16:14:51+00:00,2026-08-07,Los Angeles Dodgers,Arizona Diamondbacks,0.44603,11.02,0.6291,8.5,162.0,-162.0,0.3817,home,0.0794,1
2026-08-07T16:14:51+00:00,2026-08-07,Houston Astros,San Diego Padres,0.5492,8.77,0.4758,8.5,-109.0,109.0,0.5215,home,0.0139,0
2026-08-07T16:14:51+00:00,2026-08-07,Tampa Bay Rays,Seattle Mariners,0.49361,7.25,0.3358,8.5,-107.0,107.0,0.5169,away,0.0215,0
2026-08-07T16:14:51+00:00,2026-08-07,Detroit Tigers,San Francisco Giants,0.44099,8.62,0.4605,8.5,122.0,-122.0,0.4505,home,0.007,0
2026-08-09T16:31:39+00:00,2026-08-09,Cincinnati Reds,Washington Nationals,0.61337,10.15,0.576,8.5,,,,,,
2026-08-09T16:31:39+00:00,2026-08-09,Athletics,Boston Red Sox,0.62614,9.77,0.5544,8.5,-211.0,211.0,0.6785,away,0.0868,1
2026-08-09T16:31:39+00:00,2026-08-09,New York Mets,Pittsburgh Pirates,0.63869,9.67,0.5456,8.5,-132.0,132.0,0.569,home,0.0321,0
2026-08-09T16:31:39+00:00,2026-08-09,Toronto Blue Jays,Philadelphia Phillies,0.65863,8.84,0.4813,8.5,-209.0,209.0,0.6764,away,0.0603,1
2026-08-09T16:31:39+00:00,2026-08-09,Atlanta Braves,New York Yankees,0.59548,9.2,0.515,8.5,-131.0,131.0,0.5671,home,0.002,0
2026-08-09T16:31:39+00:00,2026-08-09,Los Angeles Angels,Miami Marlins,0.60271,9.68,0.5474,8.5,-133.0,133.0,0.5708,home,0.0036,0
2026-08-09T16:31:39+00:00,2026-08-09,Chicago Cubs,Kansas City Royals,0.40711,10.41,0.5917,8.5,150.0,-150.0,0.4,home,0.0328,0
2026-08-09T16:31:39+00:00,2026-08-09,Cleveland Guardians,Chicago White Sox,0.55425,9.5,0.5346,8.5,119.0,-119.0,0.4566,home,0.0825,1
2026-08-09T16:31:39+00:00,2026-08-09,Minnesota Twins,Milwaukee Brewers,0.73844,9.17,0.5018,8.5,-235.0,235.0,0.7015,away,0.023,0
2026-08-09T16:31:39+00:00,2026-08-09,Colorado Rockies,St. Louis Cardinals,0.615,10.6,0.6053,8.5,-151.0,151.0,0.6016,away,0.0181,0
2026-08-09T16:31:39+00:00,2026-08-09,Baltimore Orioles,Texas Rangers,0.53791,9.19,0.5143,8.5,-117.0,117.0,0.5392,away,0.0119,0
2026-08-09T16:31:39+00:00,2026-08-09,Detroit Tigers,San Francisco Giants,0.43478,8.07,0.4144,8.5,113.0,-113.0,0.4695,away,0.0165,0
2026-08-09T16:31:39+00:00,2026-08-09,Los Angeles Dodgers,Arizona Diamondbacks,0.46347,9.15,0.5113,8.5,135.0,-135.0,0.4255,home,0.0482,1
2026-08-09T16:31:39+00:00,2026-08-09,Tampa Bay Rays,Seattle Mariners,0.52709,7.87,0.3952,8.5,-100.0,100.0,0.5,home,0.0195,0
2026-08-09T16:31:39+00:00,2026-08-09,Houston Astros,San Diego Padres,0.56701,9.47,0.5333,8.5,-112.0,112.0,0.5283,home,0.02,0
2026-08-16T17:09:23+00:00,2026-08-16,Baltimore Orioles,Tampa Bay Rays,0.50987,9.18,0.5185,8.5,-133.0,133.0,0.5708,away,0.0637,1
2026-08-16T17:09:23+00:00,2026-08-16,Boston Red Sox,Pittsburgh Pirates,0.53202,9.1,0.5081,8.5,102.0,-102.0,0.495,home,0.028,0
2026-08-16T17:09:23+00:00,2026-08-16,Arizona Diamondbacks,Atlanta Braves,0.50118,9.18,0.5108,8.5,-117.0,117.0,0.5392,away,0.0383,1
2026-08-16T17:09:23+00:00,2026-08-16,New York Yankees,Toronto Blue Jays,0.52917,7.3,0.3394,8.5,-113.0,113.0,0.5305,away,0.0095,0
2026-08-16T17:09:23+00:00,2026-08-16,Washington Nationals,New York Mets,0.51751,10.07,0.5729,8.5,-153.0,153.0,0.6047,away,0.0921,1
2026-08-16T17:09:23+00:00,2026-08-16,San Diego Padres,Cleveland Guardians,0.48978,8.46,0.4519,8.5,103.0,-103.0,0.4926,home,0.0,0
2026-08-16T17:09:23+00:00,2026-08-16,Chicago White Sox,Detroit Tigers,0.47839,9.43,0.5309,8.5,-108.0,108.0,0.5192,away,0.0348,0
2026-08-16T17:09:23+00:00,2026-08-16,Miami Marlins,Cincinnati Reds,0.40179,9.79,0.5506,8.5,114.0,-114.0,0.4673,away,0.0384,1
2026-08-16T17:09:23+00:00,2026-08-16,Philadelphia Phillies,Minnesota Twins,0.52258,10.77,0.6148,8.5,105.0,-105.0,0.4878,home,0.0284,0
2026-08-16T17:09:23+00:00,2026-08-16,St. Louis Cardinals,Chicago Cubs,0.54338,10.04,0.5742,8.5,-167.0,167.0,0.6255,away,0.0942,1
2026-08-16T17:09:23+00:00,2026-08-16,Colorado Rockies,San Francisco Giants,0.53888,9.49,0.5354,8.5,-122.0,122.0,0.5495,away,0.0215,0
2026-08-16T17:09:23+00:00,2026-08-16,Texas Rangers,Athletics,0.43575,9.73,0.5524,8.5,124.0,-124.0,0.4464,home,0.0072,0
2026-08-16T17:09:23+00:00,2026-08-16,Kansas City Royals,Los Angeles Angels,0.46833,9.89,0.5605,8.5,107.0,-107.0,0.4831,away,0.0059,0
2026-08-16T17:09:23+00:00,2026-08-16,Milwaukee Brewers,Los Angeles Dodgers,0.61811,8.28,0.4298,8.5,-167.0,167.0,0.6255,away,0.0397,1
2026-08-16T17:09:23+00:00,2026-08-16,Seattle Mariners,Houston Astros,0.54574,9.1,0.5041,8.5,-113.0,113.0,0.5305,home,0.0024,0
2026-08-18T14:01:17+00:00,2026-08-18,New York Yankees,Baltimore Orioles,0.47166,8.92,0.4938,8.5,106.0,-106.0,0.4854,away,0.0058,0
2026-08-18T14:01:17+00:00,2026-08-18,Detroit Tigers,Pittsburgh Pirates,0.50681,9.01,0.4966,8.5,-132.0,132.0,0.569,away,0.0641,1
2026-08-18T14:01:17+00:00,2026-08-18,San Francisco Giants,Cleveland Guardians,0.59104,8.43,0.45,8.5,-177.0,177.0,0.639,away,0.0731,1
2026-08-18T14:01:17+00:00,2026-08-18,St. Louis Cardinals,Cincinnati Reds,0.42838,9.01,0.4959,8.5,111.0,-111.0,0.4739,away,0.0256,0
2026-08-18T14:01:17+00:00,2026-08-18,Toronto Blue Jays,Tampa Bay Rays,0.61093,7.68,0.377,8.5,-123.0,123.0,0.5516,home,0.0289,0
2026-08-18T14:01:17+00:00,2026-08-18,Miami Marlins,Philadelphia Phillies,0.6421,8.7,0.4752,8.5,-204.0,204.0,0.6711,away,0.0675,1
2026-08-18T14:01:17+00:00,2026-08-18,Arizona Diamondbacks,Boston Red Sox,0.63896,8.64,0.4659,8.5,-155.0,155.0,0.6078,away,0.0066,0
2026-08-18T14:01:17+00:00,2026-08-18,San Diego Padres,New York Mets,0.5465,8.12,0.4197,8.5,106.0,-106.0,0.4854,home,0.0481,1
2026-08-18T14:01:17+00:00,2026-08-18,Athletics,Kansas City Royals,0.58508,10.46,0.5986,8.5,-132.0,132.0,0.569,away,0.0075,0
2026-08-18T14:01:17+00:00,2026-08-18,Atlanta Braves,Minnesota Twins,0.43719,10.12,0.5745,8.5,118.0,-118.0,0.4587,away,0.004,0
2026-08-18T14:01:17+00:00,2026-08-18,Seattle Mariners,Milwaukee Brewers,0.59794,8.54,0.4573,8.5,-142.0,142.0,0.5868,away,0.0159,0
2026-08-18T14:01:17+00:00,2026-08-18,Washington Nationals,Texas Rangers,0.43809,10.36,0.5875,8.5,-142.0,142.0,0.5868,away,0.1314,1
2026-08-18T14:01:17+00:00,2026-08-18,Chicago White Sox,Chicago Cubs,0.54435,9.91,0.5644,8.5,-151.0,151.0,0.6016,away,0.0696,1
2026-08-18T14:01:17+00:00,2026-08-18,Los Angeles Angels,Houston Astros,0.52084,10.52,0.6022,8.5,-152.0,152.0,0.6032,away,0.0882,1
2026-08-18T14:01:17+00:00,2026-08-18,Los Angeles Dodgers,Colorado Rockies,0.43664,12.51,0.6921,8.5,173.0,-173.0,0.3663,home,0.088,1
2026-08-19T15:59:34+00:00,2026-08-19,Detroit Tigers,Pittsburgh Pirates,0.54712,9.31,0.5215,8.5,-145.0,145.0,0.5918,away,0.0579,0
2026-08-19T15:59:34+00:00,2026-08-19,San Diego Padres,New York Mets,0.44983,8.7,0.4717,8.5,128.0,-128.0,0.4386,home,0.0253,0
2026-08-19T15:59:34+00:00,2026-08-19,Atlanta Braves,Minnesota Twins,0.47749,9.43,0.5324,8.5,105.0,-105.0,0.4878,away,0.004,0
2026-08-19T15:59:34+00:00,2026-08-19,Chicago White Sox,Chicago Cubs,0.53909,8.49,0.4531,8.5,-133.0,133.0,0.5708,away,0.0427,1
2026-08-19T15:59:34+00:00,2026-08-19,Arizona Diamondbacks,Boston Red Sox,0.55763,8.95,0.4989,8.5,-148.0,148.0,0.5968,away,0.0552,1
2026-08-19T15:59:34+00:00,2026-08-19,Miami Marlins,Philadelphia Phillies,0.45994,9.23,0.5146,8.5,-117.0,117.0,0.5392,away,0.068,1
2026-08-19T15:59:34+00:00,2026-08-19,New York Yankees,Baltimore Orioles,0.47923,9.74,0.5503,8.5,112.0,-112.0,0.4717,home,0.0134,0
2026-08-19T15:59:34+00:00,2026-08-19,San Francisco Giants,Cleveland Guardians,0.61046,7.84,0.3966,8.5,-199.0,199.0,0.6656,away,0.0855,1
2026-08-19T15:59:34+00:00,2026-08-19,St. Louis Cardinals,Cincinnati Reds,0.58042,8.72,0.4782,8.5,-137.0,137.0,0.5781,away,0.02,0
2026-08-19T15:59:34+00:00,2026-08-19,Toronto Blue Jays,Tampa Bay Rays,0.66995,8.46,0.4484,8.5,-183.0,183.0,0.6466,away,0.022,0
2026-08-19T15:59:34+00:00,2026-08-19,Athletics,Kansas City Royals,0.53264,9.74,0.5512,8.5,-148.0,148.0,0.5968,away,0.0733,1
2026-08-19T15:59:34+00:00,2026-08-19,Seattle Mariners,Milwaukee Brewers,0.56322,7.84,0.3938,8.5,-112.0,112.0,0.5283,home,0.0173,0
2026-08-19T15:59:34+00:00,2026-08-19,Washington Nationals,Texas Rangers,0.43003,9.57,0.5385,8.5,-124.0,124.0,0.5536,away,0.1041,1
2026-08-19T15:59:34+00:00,2026-08-19,Los Angeles Angels,Houston Astros,0.53237,9.53,0.5375,8.5,-143.0,143.0,0.5885,away,0.0652,1
2026-08-19T15:59:34+00:00,2026-08-19,Los Angeles Dodgers,Colorado Rockies,0.39389,11.85,0.658,8.5,180.0,-180.0,0.3571,home,0.066,1
2026-08-23T12:55:52+00:00,2026-08-23,Tampa Bay Rays,Baltimore Orioles,0.43326,8.9,0.4888,8.5,102.0,-102.0,0.495,away,0.0432,1
2026-08-23T12:55:52+00:00,2026-08-23,St. Louis Cardinals,Philadelphia Phillies,0.60352,7.86,0.3958,8.5,-201.0,201.0,0.6678,away,0.0928,1
2026-08-23T12:55:52+00:00,2026-08-23,Toronto Blue Jays,New York Yankees,0.56777,7.96,0.4066,8.5,-127.0,127.0,0.5595,away,0.0106,0
2026-08-23T12:55:52+00:00,2026-08-23,Washington Nationals,Miami Marlins,0.48027,9.79,0.5552,8.5,-147.0,147.0,0.5951,away,0.1093,1
2026-08-23T12:55:52+00:00,2026-08-23,Detroit Tigers,Kansas City Royals,0.47589,8.77,0.4812,8.5,106.0,-106.0,0.4854,away,0.0028,0
2026-08-23T12:55:52+00:00,2026-08-23,Athletics,Houston Astros,0.49569,10.36,0.5903,8.5,-166.0,166.0,0.6241,away,0.1272,1
2026-08-23T12:55:52+00:00,2026-08-23,New York Mets,Chicago White Sox,0.60495,7.98,0.4053,8.5,104.0,-104.0,0.4902,home,0.0859,1
2026-08-23T12:55:52+00:00,2026-08-23,Los Angeles Angels,Texas Rangers,0.50994,9.49,0.5327,8.5,-148.0,148.0,0.5968,away,0.0896,1
2026-08-23T12:55:52+00:00,2026-08-23,Cleveland Guardians,Colorado Rockies,0.43726,10.08,0.5716,8.5,152.0,-152.0,0.3968,home,0.0579,1
2026-08-23T12:55:52+00:00,2026-08-23,San Francisco Giants,Boston Red Sox,0.61344,8.6,0.4626,8.5,-195.0,195.0,0.661,away,0.0787,1
2026-08-23T12:55:52+00:00,2026-08-23,Pittsburgh Pirates,Los Angeles Dodgers,0.5741,9.87,0.5563,8.5,-253.0,253.0,0.7167,away,0.1632,1
2026-08-23T12:55:52+00:00,2026-08-23,Chicago Cubs,Seattle Mariners,0.43485,8.25,0.4286,8.5,102.0,-102.0,0.495,away,0.042,1
2026-08-23T12:55:52+00:00,2026-08-23,Minnesota Twins,San Diego Padres,0.51508,9.2,0.5117,8.5,-130.0,130.0,0.5652,away,0.0544,1
2026-08-23T12:55:52+00:00,2026-08-23,Cincinnati Reds,Arizona Diamondbacks,0.54698,9.8,0.5535,8.5,-123.0,123.0,0.5516,away,0.0177,0
2026-08-23T12:55:52+00:00,2026-08-23,Atlanta Braves,Milwaukee Brewers,0.55991,9.03,0.5005,8.5,-115.0,115.0,0.5349,home,0.0083,0
2026-08-25T14:18:08+00:00,2026-08-25,Tampa Bay Rays,Detroit Tigers,0.52418,9.21,0.5142,8.5,120.0,-120.0,0.4545,home,0.0629,1
2026-08-25T14:18:08+00:00,2026-08-25,Boston Red Sox,Miami Marlins,0.43637,8.15,0.4224,8.5,151.0,-151.0,0.3984,home,0.0557,0
2026-08-25T14:18:08+00:00,2026-08-25,Colorado Rockies,Washington Nationals,0.62506,10.05,0.5723,8.5,-137.0,137.0,0.5781,home,0.0128,0
2026-08-25T14:18:08+00:00,2026-08-25,Houston Astros,New York Yankees,0.53424,9.59,0.5443,8.5,-132.0,132.0,0.569,away,0.0443,0
2026-08-25T14:18:08+00:00,2026-08-25,Kansas City Royals,Toronto Blue Jays,0.48186,9.34,0.5271,8.5,-118.0,118.0,0.5413,away,0.0543,1
2026-08-25T14:18:08+00:00,2026-08-25,Milwaukee Brewers,New York Mets,0.43037,8.06,0.4124,8.5,150.0,-150.0,0.4,home,0.0497,1
2026-08-25T14:18:08+00:00,2026-08-25,Los Angeles Dodgers,Atlanta Braves,0.43209,8.84,0.4798,8.5,140.0,-140.0,0.4167,home,0.0343,0
2026-08-25T14:18:08+00:00,2026-08-25,Texas Rangers,Chicago White Sox,0.49103,8.79,0.4775,8.5,102.0,-102.0,0.495,away,0.0015,0
2026-08-25T14:18:08+00:00,2026-08-25,Baltimore Orioles,St. Louis Cardinals,0.55183,9.37,0.5248,8.5,-118.0,118.0,0.5413,away,0.0039,0
2026-08-25T14:18:08+00:00,2026-08-25,Cleveland Guardians,Los Angeles Angels,0.48103,8.5,0.4571,8.5,132.0,-132.0,0.431,home,0.0553,1
2026-08-25T14:18:08+00:00,2026-08-25,Chicago Cubs,Arizona Diamondbacks,0.39865,9.58,0.5381,8.5,101.0,-101.0,0.4975,away,0.0709,1
2026-08-25T14:18:08+00:00,2026-08-25,Pittsburgh Pirates,San Diego Padres,0.48089,8.7,0.4723,8.5,-115.0,115.0,0.5349,away,0.0486,1
2026-08-25T14:18:08+00:00,2026-08-25,Minnesota Twins,Athletics,0.42886,10.54,0.5983,8.5,139.0,-139.0,0.4184,home,0.0302,0
2026-08-25T14:18:08+00:00,2026-08-25,Philadelphia Phillies,Seattle Mariners,0.51807,8.57,0.4599,8.5,-102.0,102.0,0.505,home,0.008,0
2026-08-25T14:18:08+00:00,2026-08-25,Cincinnati Reds,San Francisco Giants,0.53354,9.1,0.5049,8.5,-102.0,102.0,0.505,home,0.0192,0
2026-08-26T14:01:43+00:00,2026-08-26,Tampa Bay Rays,Detroit Tigers,0.63735,9.17,0.5104,8.5,-110.0,110.0,0.5238,home,0.0762,1
2026-08-26T14:01:43+00:00,2026-08-26,Chicago Cubs,Arizona Diamondbacks,0.51334,9.85,0.5578,8.5,-102.0,102.0,0.505,home,0.0046,0
2026-08-26T14:01:43+00:00,2026-08-26,Cincinnati Reds,San Francisco Giants,0.53535,8.8,0.4836,8.5,-103.0,103.0,0.5074,home,0.0181,0
2026-08-26T14:01:43+00:00,2026-08-26,Cleveland Guardians,Los Angeles Angels,0.45288,9.59,0.5416,8.5,128.0,-128.0,0.4386,home,0.0275,0
2026-08-26T14:01:43+00:00,2026-08-26,Pittsburgh Pirates,San Diego Padres,0.49569,9.83,0.5541,8.5,-125.0,125.0,0.5556,away,0.0587,1
2026-08-26T14:01:43+00:00,2026-08-26,Philadelphia Phillies,Seattle Mariners,0.45052,7.66,0.3757,8.5,121.0,-121.0,0.4525,home,0.0119,0
2026-08-26T14:01:43+00:00,2026-08-26,Boston Red Sox,Miami Marlins,0.37703,8.21,0.4239,8.5,127.0,-127.0,0.4405,away,0.0299,0
2026-08-26T14:01:43+00:00,2026-08-26,Colorado Rockies,Washington Nationals,0.55949,12.05,0.682,8.5,-120.0,120.0,0.5455,away,0.0026,0
2026-08-26T14:01:43+00:00,2026-08-26,Houston Astros,New York Yankees,0.52376,8.92,0.4904,8.5,-122.0,122.0,0.5495,away,0.0324,0
2026-08-26T14:01:43+00:00,2026-08-26,Kansas City Royals,Toronto Blue Jays,0.56046,7.9,0.4002,8.5,-128.0,128.0,0.5614,away,0.0178,0
2026-08-26T14:01:43+00:00,2026-08-26,Milwaukee Brewers,New York Mets,0.41677,8.96,0.4929,8.5,146.0,-146.0,0.4065,home,0.0333,0
2026-08-26T14:01:43+00:00,2026-08-26,Los Angeles Dodgers,Atlanta Braves,0.52876,9.39,0.5262,8.5,119.0,-119.0,0.4566,home,0.0641,1
2026-08-26T14:01:43+00:00,2026-08-26,Texas Rangers,Chicago White Sox,0.57438,8.84,0.4805,8.5,-121.0,121.0,0.5475,home,0.0062,0
2026-08-26T14:01:43+00:00,2026-08-26,Baltimore Orioles,St. Louis Cardinals,0.51035,9.09,0.504,8.5,102.0,-102.0,0.495,home,0.0124,0
2026-08-26T14:01:43+00:00,2026-08-26,Minnesota Twins,Athletics,0.51154,11.04,0.6262,8.5,128.0,-128.0,0.4386,home,0.0697,1
2026-08-27T14:01:53+00:00,2026-08-27,Colorado Rockies,Washington Nationals,0.52459,12.11,0.676,8.5,-130.0,130.0,0.5652,away,0.0475,1
2026-08-27T14:01:53+00:00,2026-08-27,Baltimore Orioles,St. Louis Cardinals,0.50987,9.2,0.5119,8.5,114.0,-114.0,0.4673,home,0.0398,0
2026-08-27T14:01:53+00:00,2026-08-27,Houston Astros,New York Yankees,0.60114,8.66,0.4696,8.5,-145.0,145.0,0.5918,away,0.0186,0
2026-08-27T14:01:53+00:00,2026-08-27,Kansas City Royals,Toronto Blue Jays,0.46819,8.75,0.478,8.5,102.0,-102.0,0.495,away,0.0179,0
2026-08-27T14:01:53+00:00,2026-08-27,Milwaukee Brewers,New York Mets,0.29336,7.97,0.4027,8.5,198.0,-198.0,0.3356,home,0.0114,0
2026-08-27T14:01:53+00:00,2026-08-27,Los Angeles Dodgers,Atlanta Braves,0.51126,7.39,0.3509,8.5,-116.0,116.0,0.537,away,0.0289,0
2026-08-27T14:01:53+00:00,2026-08-27,Arizona Diamondbacks,San Francisco Giants,0.53077,9.67,0.5511,8.5,-101.0,101.0,0.5025,home,0.0197,0
2026-08-28T14:01:33+00:00,2026-08-28,Cincinnati Reds,Chicago Cubs,0.61317,9.61,0.5419,8.5,-170.0,170.0,0.6296,away,0.0475,1
2026-08-28T14:01:33+00:00,2026-08-28,Los Angeles Dodgers,Detroit Tigers,0.36399,7.87,0.3966,8.5,173.0,-173.0,0.3663,home,0.0346,0
2026-08-28T14:01:33+00:00,2026-08-28,Miami Marlins,Washington Nationals,0.45911,10.13,0.5812,8.5,140.0,-140.0,0.4167,home,0.0539,1
2026-08-28T14:01:33+00:00,2026-08-28,Kansas City Royals,Cleveland Guardians,0.48416,7.96,0.4031,8.5,-125.0,125.0,0.5556,away,0.067,1
2026-08-28T14:01:33+00:00,2026-08-28,Houston Astros,New York Mets,0.45945,8.34,0.4439,8.5,103.0,-103.0,0.4926,away,0.0218,0
2026-08-28T14:01:33+00:00,2026-08-28,San Diego Padres,Tampa Bay Rays,0.53389,7.82,0.3859,8.5,-123.0,123.0,0.5516,away,0.0272,0
2026-08-28T14:01:33+00:00,2026-08-28,Seattle Mariners,Toronto Blue Jays,0.59691,7.47,0.3553,8.5,-143.0,143.0,0.5885,away,0.0183,0
2026-08-28T14:01:33+00:00,2026-08-28,Colorado Rockies,Atlanta Braves,0.63427,9.99,0.5629,8.5,-204.0,204.0,0.6711,away,0.0733,1
2026-08-28T14:01:33+00:00,2026-08-28,Boston Red Sox,New York Yankees,0.63722,7.73,0.3842,8.5,-145.0,145.0,0.5918,home,0.0081,0
2026-08-28T14:01:33+00:00,2026-08-28,Texas Rangers,Milwaukee Brewers,0.65248,8.49,0.454,8.5,-162.0,162.0,0.6183,away,0.0069,0
2026-08-28T14:01:33+00:00,2026-08-28,Chicago White Sox,Minnesota Twins,0.50125,10.4,0.5956,8.5,-119.0,119.0,0.5434,away,0.0425,1
2026-08-28T14:01:33+00:00,2026-08-28,Pittsburgh Pirates,St. Louis Cardinals,0.46625,9.68,0.5441,8.5,107.0,-107.0,0.4831,away,0.0074,0
2026-08-28T14:01:33+00:00,2026-08-28,Philadelphia Phillies,Los Angeles Angels,0.56818,9.47,0.5334,8.5,125.0,-125.0,0.4444,home,0.1048,1
2026-08-28T14:01:33+00:00,2026-08-28,Baltimore Orioles,Athletics,0.46382,10.12,0.5746,8.5,125.0,-125.0,0.4444,home,0.0295,0
2026-08-28T14:01:33+00:00,2026-08-28,Arizona Diamondbacks,San Francisco Giants,0.49555,8.91,0.4876,8.5,120.0,-120.0,0.4545,home,0.0423,1
2026-08-29T14:38:15+00:00,2026-08-29,Boston Red Sox,New York Yankees,0.4893,8.29,0.4358,8.5,-108.0,108.0,0.5192,away,0.0269,0
2026-08-29T14:38:15+00:00,2026-08-29,Boston Red Sox,New York Yankees,0.61466,7.77,0.3876,8.5,-119.0,119.0,0.5434,home,0.0398,0
2026-08-29T14:38:15+00:00,2026-08-29,Los Angeles Dodgers,Detroit Tigers,0.4334,8.97,0.4933,8.5,165.0,-165.0,0.3774,home,0.0746,1
2026-08-29T14:38:15+00:00,2026-08-29,Chicago White Sox,Minnesota Twins,0.5223,9.81,0.5609,8.5,-112.0,112.0,0.5283,away,0.0123,0
2026-08-29T14:38:15+00:00,2026-08-29,Pittsburgh Pirates,St. Louis Cardinals,0.51334,9.15,0.5091,8.5,-115.0,115.0,0.5349,away,0.0253,0
2026-08-29T14:38:15+00:00,2026-08-29,Cincinnati Reds,Chicago Cubs,0.61351,9.66,0.5463,8.5,-173.0,173.0,0.6337,away,0.0513,1
2026-08-29T14:38:15+00:00,2026-08-29,Seattle Mariners,Toronto Blue Jays,0.53597,8.64,0.4682,8.5,-103.0,103.0,0.5074,home,0.0185,0
2026-08-29T14:38:15+00:00,2026-08-29,Arizona Diamondbacks,San Francisco Giants,0.51682,9.46,0.5361,8.5,-102.0,102.0,0.505,home,0.0071,0
2026-08-29T14:38:15+00:00,2026-08-29,Arizona Diamondbacks,San Francisco Giants,0.47832,9.04,0.4993,8.5,113.0,-113.0,0.4695,home,0.0149,0
2026-08-29T14:38:15+00:00,2026-08-29,Miami Marlins,Washington Nationals,0.51042,9.24,0.518,8.5,-100.0,100.0,0.5,home,0.0075,0
2026-08-29T14:38:15+00:00,2026-08-29,Kansas City Royals,Cleveland Guardians,0.53666,8.41,0.4471,8.5,-139.0,139.0,0.5816,away,0.0552,1
2026-08-29T14:38:15+00:00,2026-08-29,Houston Astros,New York Mets,0.53812,8.62,0.465,8.5,-125.0,125.0,0.5556,away,0.0281,0
2026-08-29T14:38:15+00:00,2026-08-29,San Diego Padres,Tampa Bay Rays,0.63172,8.13,0.4184,8.5,-121.0,121.0,0.5475,home,0.0483,1
2026-08-29T14:38:15+00:00,2026-08-29,Colorado Rockies,Atlanta Braves,0.66398,10.0,0.568,8.5,-204.0,204.0,0.6711,away,0.051,1
2026-08-29T14:38:15+00:00,2026-08-29,Texas Rangers,Milwaukee Brewers,0.63889,8.67,0.4683,8.5,-149.0,149.0,0.5984,home,0.0028,0
2026-08-29T14:38:15+00:00,2026-08-29,Baltimore Orioles,Athletics,0.40732,10.74,0.6113,8.5,132.0,-132.0,0.431,home,0.0019,0
2026-08-29T14:38:15+00:00,2026-08-29,Philadelphia Phillies,Los Angeles Angels,0.32305,8.89,0.4827,8.5,209.0,-209.0,0.3236,home,0.0464,1
2026-08-31T14:01:43+00:00,2026-08-31,San Francisco Giants,Atlanta Braves,0.62607,9.2,0.5171,8.5,-174.0,174.0,0.635,away,0.0434,0
2026-08-31T14:01:43+00:00,2026-08-31,San Diego Padres,Cincinnati Reds,0.41629,9.86,0.5588,8.5,135.0,-135.0,0.4255,home,0.014,0
2026-08-31T14:01:43+00:00,2026-08-31,New York Mets,Tampa Bay Rays,0.58172,8.99,0.4996,8.5,-157.0,157.0,0.6109,away,0.0518,1
2026-08-31T14:01:43+00:00,2026-08-31,Seattle Mariners,Boston Red Sox,0.60801,7.99,0.4068,8.5,-150.0,150.0,0.6,away,0.0217,0
2026-08-31T14:01:43+00:00,2026-08-31,Miami Marlins,Washington Nationals,0.55777,10.05,0.5726,8.5,108.0,-108.0,0.4808,home,0.0609,1
2026-08-31T14:01:43+00:00,2026-08-31,Detroit Tigers,Minnesota Twins,0.50751,9.07,0.5002,8.5,-120.0,120.0,0.5455,away,0.0401,1
2026-08-31T14:01:43+00:00,2026-08-31,Milwaukee Brewers,Chicago Cubs,0.54248,9.01,0.5004,8.5,-103.0,103.0,0.5074,home,0.0232,0
2026-08-31T14:01:43+00:00,2026-08-31,Athletics,Texas Rangers,0.57788,9.03,0.4985,8.5,-195.0,195.0,0.661,away,0.1048,1
2026-08-31T14:01:43+00:00,2026-08-31,Chicago White Sox,Houston Astros,0.54795,9.76,0.5584,8.5,-120.0,120.0,0.5455,away,0.0109,0
2026-08-31T14:01:43+00:00,2026-08-31,Baltimore Orioles,Colorado Rockies,0.4332,10.81,0.6166,8.5,125.0,-125.0,0.4444,home,0.0074,0
2026-08-31T14:01:43+00:00,2026-08-31,New York Yankees,Los Angeles Angels,0.46673,9.02,0.5004,8.5,115.0,-115.0,0.4651,home,0.0109,0
2026-08-31T14:01:43+00:00,2026-08-31,Philadelphia Phillies,Arizona Diamondbacks,0.52695,9.95,0.5636,8.5,112.0,-112.0,0.4717,home,0.0477,0
2026-09-01T14:01:34+00:00,2026-09-01,San Diego Padres,Cincinnati Reds,0.46264,10.27,0.5825,8.5,127.0,-127.0,0.4405,home,0.0326,0
2026-09-01T14:01:34+00:00,2026-09-01,San Francisco Giants,Pittsburgh Pirates,0.55114,8.65,0.4666,8.5,-148.0,148.0,0.5968,away,0.0599,1
2026-09-01T14:01:34+00:00,2026-09-01,New York Mets,Tampa Bay Rays,0.56184,9.08,0.5043,8.5,-120.0,120.0,0.5455,away,0.0009,0
2026-09-01T14:01:34+00:00,2026-09-01,Toronto Blue Jays,Cleveland Guardians,0.4845,7.82,0.3911,8.5,-163.0,163.0,0.6198,away,0.1309,1
2026-09-01T14:01:34+00:00,2026-09-01,Seattle Mariners,Boston Red Sox,0.54733,8.48,0.4531,8.5,-115.0,115.0,0.5349,away,0.0008,0
2026-09-01T14:01:34+00:00,2026-09-01,Atlanta Braves,Washington Nationals,0.44935,11.1,0.6347,8.5,160.0,-160.0,0.3846,home,0.0789,1
2026-09-01T14:01:34+00:00,2026-09-01,Detroit Tigers,Minnesota Twins,0.44665,8.48,0.4541,8.5,110.0,-110.0,0.4762,away,0.0146,0
2026-09-01T14:01:34+00:00,2026-09-01,Miami Marlins,Kansas City Royals,0.50625,9.82,0.5579,8.5,-110.0,110.0,0.5238,away,0.0193,0
2026-09-01T14:01:34+00:00,2026-09-01,Milwaukee Brewers,Chicago Cubs,0.56025,10.34,0.5927,8.5,-117.0,117.0,0.5392,home,0.0043,0
2026-09-01T14:01:34+00:00,2026-09-01,Athletics,Texas Rangers,0.56804,9.08,0.5058,8.5,-190.0,190.0,0.6552,away,0.1061,1
2026-09-01T14:01:34+00:00,2026-09-01,Chicago White Sox,Houston Astros,0.39838,9.72,0.5466,8.5,102.0,-102.0,0.495,away,0.0686,1
2026-09-01T14:01:34+00:00,2026-09-01,Baltimore Orioles,Colorado Rockies,0.41807,11.21,0.6335,8.5,130.0,-130.0,0.4348,home,0.006,0
2026-09-01T14:01:34+00:00,2026-09-01,New York Yankees,Los Angeles Angels,0.37588,8.95,0.4876,8.5,168.0,-168.0,0.3731,home,0.0367,1
2026-09-01T14:01:34+00:00,2026-09-01,Philadelphia Phillies,Arizona Diamondbacks,0.50931,8.6,0.4661,8.5,123.0,-123.0,0.4484,home,0.0583,1
2026-09-01T14:01:34+00:00,2026-09-01,St. Louis Cardinals,Los Angeles Dodgers,0.50653,9.68,0.5458,8.5,-158.0,158.0,0.6124,away,0.1077,1
2026-09-02T14:02:33+00:00,2026-09-02,San Diego Padres,Cincinnati Reds,0.36493,10.37,0.5884,8.5,138.0,-138.0,0.4202,away,0.0185,0
2026-09-02T14:02:33+00:00,2026-09-02,Atlanta Braves,Washington Nationals,0.51786,9.72,0.5515,8.5,132.0,-132.0,0.431,home,0.0818,1
2026-09-02T14:02:33+00:00,2026-09-02,Athletics,Texas Rangers,0.60434,9.68,0.5468,8.5,-146.0,146.0,0.5935,away,0.0179,0
2026-09-02T14:02:33+00:00,2026-09-02,Baltimore Orioles,Colorado Rockies,0.43781,11.43,0.6457,8.5,146.0,-146.0,0.4065,home,0.0486,1
2026-09-02T14:02:33+00:00,2026-09-02,Philadelphia Phillies,Arizona Diamondbacks,0.57973,10.32,0.5884,8.5,107.0,-107.0,0.4831,home,0.0745,1
2026-09-02T14:02:33+00:00,2026-09-02,Seattle Mariners,Boston Red Sox,0.56674,8.47,0.4518,8.5,-125.0,125.0,0.5556,away,0.0074,0
2026-09-02T14:02:33+00:00,2026-09-02,San Francisco Giants,Pittsburgh Pirates,0.55632,9.73,0.5504,8.5,-139.0,139.0,0.5816,away,0.041,1
2026-09-02T14:02:33+00:00,2026-09-02,New York Mets,Tampa Bay Rays,0.59248,8.24,0.432,8.5,-159.0,159.0,0.6139,away,0.047,0
2026-09-02T14:02:33+00:00,2026-09-02,Toronto Blue Jays,Cleveland Guardians,0.44403,7.82,0.3922,8.5,118.0,-118.0,0.4587,home,0.0009,0
2026-09-02T14:02:33+00:00,2026-09-02,Detroit Tigers,Minnesota Twins,0.45246,9.63,0.5466,8.5,-106.0,106.0,0.5146,away,0.0488,1
2026-09-02T14:02:33+00:00,2026-09-02,Miami Marlins,Kansas City Royals,0.47763,9.76,0.5504,8.5,-103.0,103.0,0.5074,away,0.0235,0
2026-09-02T14:02:33+00:00,2026-09-02,Milwaukee Brewers,Chicago Cubs,0.36245,9.57,0.535,8.5,144.0,-144.0,0.4098,away,0.01,0
2026-09-02T14:02:33+00:00,2026-09-02,Chicago White Sox,Houston Astros,0.4902,9.71,0.5516,8.5,-126.0,126.0,0.5575,away,0.0646,1
2026-09-02T14:02:33+00:00,2026-09-02,New York Yankees,Los Angeles Angels,0.38785,7.58,0.3676,8.5,149.0,-149.0,0.4016,home,0.017,0
2026-09-02T14:02:33+00:00,2026-09-02,St. Louis Cardinals,Los Angeles Dodgers,0.69076,8.26,0.4313,8.5,-218.0,218.0,0.6855,away,0.0449,0
2026-09-03T14:01:24+00:00,2026-09-03,San Francisco Giants,Pittsburgh Pirates,0.59063,9.39,0.5262,8.5,-148.0,148.0,0.5968,away,0.0312,0
2026-09-03T14:01:24+00:00,2026-09-03,Toronto Blue Jays,Cleveland Guardians,0.53126,8.13,0.4236,8.5,-100.0,-100.0,0.5,home,0.0225,0
2026-09-03T14:01:24+00:00,2026-09-03,Chicago White Sox,Houston Astros,0.58385,9.51,0.5375,8.5,-146.0,146.0,0.5935,away,0.0329,0
2026-09-03T14:01:24+00:00,2026-09-03,Boston Red Sox,Baltimore Orioles,0.49534,8.83,0.4804,8.5,114.0,-114.0,0.4673,home,0.0294,0
2026-09-03T14:01:24+00:00,2026-09-03,Milwaukee Brewers,Chicago Cubs,0.46063,9.44,0.5308,8.5,107.0,-107.0,0.4831,away,0.0114,0
2026-09-03T14:01:24+00:00,2026-09-03,Miami Marlins,Kansas City Royals,0.48874,9.13,0.5074,8.5,-105.0,105.0,0.5122,away,0.0203,0
2026-09-03T14:01:24+00:00,2026-09-03,Tampa Bay Rays,Texas Rangers,0.413,8.45,0.4438,8.5,116.0,-116.0,0.463,away,0.0259,0
2026-09-03T14:01:24+00:00,2026-09-03,Athletics,Seattle Mariners,0.59944,8.46,0.4543,8.5,-190.0,190.0,0.6552,away,0.0832,1
2026-09-03T14:01:24+00:00,2026-09-03,St. Louis Cardinals,Los Angeles Dodgers,0.70327,8.4,0.445,8.5,-258.0,258.0,0.7207,away,0.0703,1
2026-09-05T14:01:52+00:00,2026-09-05,San Francisco Giants,New York Mets,0.60944,8.2,0.429,8.5,-165.0,165.0,0.6226,away,0.0433,1
2026-09-05T14:01:52+00:00,2026-09-05,Chicago Cubs,Miami Marlins,0.44195,9.58,0.5404,8.5,126.0,-126.0,0.4425,home,0.0157,0
2026-09-05T14:01:52+00:00,2026-09-05,Atlanta Braves,Philadelphia Phillies,0.54477,8.08,0.4174,8.5,-144.0,144.0,0.5902,away,0.0579,1
2026-09-05T14:01:52+00:00,2026-09-05,Detroit Tigers,Cleveland Guardians,0.57341,7.62,0.3732,8.5,-144.0,144.0,0.5902,away,0.0372,1
2026-09-05T14:01:52+00:00,2026-09-05,Los Angeles Angels,Pittsburgh Pirates,0.63434,8.9,0.4906,8.5,-165.0,165.0,0.6226,away,0.0248,0
2026-09-05T14:01:52+00:00,2026-09-05,Milwaukee Brewers,Cincinnati Reds,0.38771,9.94,0.5623,8.5,144.0,-144.0,0.4098,home,0.0087,0
2026-09-05T14:01:52+00:00,2026-09-05,Boston Red Sox,Baltimore Orioles,0.3924,8.34,0.4404,8.5,133.0,-133.0,0.4292,away,0.0072,0
2026-09-05T14:01:52+00:00,2026-09-05,Tampa Bay Rays,Texas Rangers,0.42817,8.51,0.4518,8.5,101.0,-101.0,0.4975,away,0.0494,1
2026-09-05T14:01:52+00:00,2026-09-05,Toronto Blue Jays,Kansas City Royals,0.54415,10.48,0.5989,8.5,-103.0,103.0,0.5074,home,0.0244,0
2026-09-05T14:01:52+00:00,2026-09-05,Minnesota Twins,Chicago White Sox,0.49819,9.27,0.5176,8.5,-111.0,111.0,0.5261,away,0.0274,0
2026-09-05T14:01:52+00:00,2026-09-05,Arizona Diamondbacks,Houston Astros,0.46722,9.06,0.4999,8.5,-100.0,100.0,0.5,away,0.0236,0
2026-09-05T14:01:52+00:00,2026-09-05,New York Yankees,San Diego Padres,0.47457,7.87,0.3971,8.5,-106.0,106.0,0.5146,away,0.0329,0
2026-09-05T14:01:52+00:00,2026-09-05,St. Louis Cardinals,Colorado Rockies,0.52279,11.14,0.6324,8.5,113.0,-113.0,0.4695,home,0.0469,0
2026-09-05T14:01:52+00:00,2026-09-05,Washington Nationals,Los Angeles Dodgers,0.58659,9.06,0.4998,8.5,-201.0,201.0,0.6678,away,0.1052,1
2026-09-05T14:01:52+00:00,2026-09-05,Athletics,Seattle Mariners,0.64263,8.99,0.495,8.5,-218.0,218.0,0.6855,away,0.0815,1
2026-09-06T14:01:41+00:00,2026-09-06,Milwaukee Brewers,Cincinnati Reds,0.32436,9.69,0.5423,8.5,132.0,-132.0,0.431,away,0.06,1
2026-09-06T14:01:41+00:00,2026-09-06,Atlanta Braves,Philadelphia Phillies,0.46597,8.76,0.4771,8.5,-101.0,101.0,0.5025,away,0.027,0
2026-09-06T14:01:41+00:00,2026-09-06,Boston Red Sox,Baltimore Orioles,0.45572,8.29,0.437,8.5,128.0,-128.0,0.4386,home,0.0295,0
2026-09-06T14:01:41+00:00,2026-09-06,Los Angeles Angels,Pittsburgh Pirates,0.60448,8.39,0.4425,8.5,-174.0,174.0,0.635,away,0.0593,1
2026-09-06T14:01:41+00:00,2026-09-06,Detroit Tigers,Cleveland Guardians,0.50674,8.09,0.4191,8.5,-153.0,153.0,0.6047,away,0.0999,1
2026-09-06T14:01:41+00:00,2026-09-06,San Francisco Giants,New York Mets,0.53874,8.13,0.4189,8.5,-142.0,142.0,0.5868,away,0.0589,0
2026-09-06T14:01:41+00:00,2026-09-06,Chicago Cubs,Miami Marlins,0.3587,8.61,0.4575,8.5,135.0,-135.0,0.4255,away,0.0285,0
2026-09-06T14:01:41+00:00,2026-09-06,Arizona Diamondbacks,Houston Astros,0.4786,8.05,0.4133,8.5,-102.0,102.0,0.505,away,0.0204,0
2026-09-06T14:01:41+00:00,2026-09-06,Toronto Blue Jays,Kansas City Royals,0.57362,9.53,0.539,8.5,111.0,-111.0,0.4739,home,0.0792,1
2026-09-06T14:01:41+00:00,2026-09-06,Tampa Bay Rays,Texas Rangers,0.49861,9.03,0.499,8.5,-101.0,101.0,0.5025,away,0.0035,0
2026-09-06T14:01:41+00:00,2026-09-06,St. Louis Cardinals,Colorado Rockies,0.40452,10.75,0.6079,8.5,122.0,-122.0,0.4505,away,0.0196,0
2026-09-06T14:01:41+00:00,2026-09-06,Athletics,Seattle Mariners,0.58255,8.17,0.4219,8.5,-179.0,179.0,0.6416,away,0.0819,1
2026-09-06T14:01:41+00:00,2026-09-06,New York Yankees,San Diego Padres,0.46909,7.69,0.3757,8.5,104.0,-104.0,0.4902,away,0.0124,0
2026-09-06T14:01:41+00:00,2026-09-06,Minnesota Twins,Chicago White Sox,0.59432,8.83,0.4864,8.5,-134.0,134.0,0.5726,away,0.0044,0
2026-09-06T14:01:41+00:00,2026-09-06,Washington Nationals,Los Angeles Dodgers,0.54705,9.0,0.4988,8.5,-191.0,191.0,0.6564,away,0.1225,1
2026-09-10T16:39:38+00:00,2026-09-10,Tampa Bay Rays,Atlanta Braves,0.47561,8.53,0.4566,8.5,,,,,,
2026-09-10T16:39:38+00:00,2026-09-10,Houston Astros,Philadelphia Phillies,0.66391,9.44,0.5317,8.5,-167.0,167.0,0.6255,away,0.0054,0
2026-09-10T16:39:38+00:00,2026-09-10,Texas Rangers,Seattle Mariners,0.51862,7.22,0.328,8.5,-116.0,116.0,0.537,away,0.0236,0
2026-09-10T16:39:38+00:00,2026-09-10,Colorado Rockies,New York Yankees,0.73331,9.26,0.5115,8.5,-254.0,254.0,0.7175,away,0.0432,1
2026-09-10T16:39:38+00:00,2026-09-10,Pittsburgh Pirates,Chicago White Sox,0.54802,9.02,0.495,8.5,-100.0,100.0,0.5,home,0.0346,0
2026-09-12T14:01:14+00:00,2026-09-12,Colorado Rockies,Detroit Tigers,0.59889,9.75,0.5562,8.5,-156.0,156.0,0.6094,away,0.0378,1
2026-09-12T14:01:14+00:00,2026-09-12,New York Mets,New York Yankees,0.5809,8.4,0.4446,8.5,-153.0,153.0,0.6047,away,0.0463,1
2026-09-12T14:01:14+00:00,2026-09-12,Pittsburgh Pirates,Chicago Cubs,0.60984,9.51,0.5371,8.5,-113.0,113.0,0.5305,home,0.0491,1
2026-09-12T14:01:14+00:00,2026-09-12,Baltimore Orioles,Toronto Blue Jays,0.55577,7.98,0.4063,8.5,-111.0,111.0,0.5261,home,0.0141,0
2026-09-12T14:01:14+00:00,2026-09-12,Los Angeles Angels,Washington Nationals,0.58995,9.11,0.508,8.5,-106.0,106.0,0.5146,home,0.0505,1
2026-09-12T14:01:14+00:00,2026-09-12,San Diego Padres,San Francisco Giants,0.48443,8.45,0.4491,8.5,162.0,-162.0,0.3817,home,0.1071,1
2026-09-12T14:01:14+00:00,2026-09-12,Kansas City Royals,Boston Red Sox,0.61046,7.9,0.3975,8.5,-191.0,191.0,0.6564,away,0.0763,1
2026-09-12T14:01:14+00:00,2026-09-12,Cleveland Guardians,Minnesota Twins,0.50758,9.77,0.5507,8.5,-100.0,-100.0,0.5,home,0.0054,0
2026-09-12T14:01:14+00:00,2026-09-12,Los Angeles Dodgers,Miami Marlins,0.3928,8.57,0.458,8.5,170.0,-170.0,0.3704,home,0.0519,1
2026-09-12T14:01:14+00:00,2026-09-12,Houston Astros,Tampa Bay Rays,0.49757,8.73,0.4718,8.5,-131.0,131.0,0.5671,away,0.0688,1
2026-09-12T14:01:14+00:00,2026-09-12,Cincinnati Reds,Milwaukee Brewers,0.67486,9.7,0.5453,8.5,-171.0,171.0,0.631,away,0.0026,0
2026-09-12T14:01:14+00:00,2026-09-12,Philadelphia Phillies,Atlanta Braves,0.54982,8.7,0.4759,8.5,-111.0,111.0,0.5261,home,0.0098,0
2026-09-12T14:01:14+00:00,2026-09-12,Chicago White Sox,St. Louis Cardinals,0.47319,8.69,0.4662,8.5,-103.0,103.0,0.5074,away,0.0267,0
2026-09-12T14:01:14+00:00,2026-09-12,Texas Rangers,Arizona Diamondbacks,0.57692,9.16,0.51,8.5,-117.0,117.0,0.5392,home,0.0164,0
2026-09-12T14:01:14+00:00,2026-09-12,Seattle Mariners,Athletics,0.45987,9.76,0.5524,8.5,157.0,-157.0,0.3891,home,0.082,1
2026-09-13T14:01:10+00:00,2026-09-13,Colorado Rockies,Detroit Tigers,0.60114,10.28,0.5837,8.5,-158.0,158.0,0.6124,away,0.0392,1
2026-09-13T14:01:10+00:00,2026-09-13,Los Angeles Angels,Washington Nationals,0.57211,10.48,0.5995,8.5,-118.0,118.0,0.5413,home,0.0108,0
2026-09-13T14:01:10+00:00,2026-09-13,Philadelphia Phillies,Atlanta Braves,0.62594,9.36,0.5235,8.5,-119.0,119.0,0.5434,home,0.0482,1
2026-09-13T14:01:10+00:00,2026-09-13,New York Mets,New York Yankees,0.66207,7.87,0.3952,8.5,-165.0,165.0,0.6226,away,0.004,0
2026-09-13T14:01:10+00:00,2026-09-13,Baltimore Orioles,Toronto Blue Jays,0.59507,7.96,0.4051,8.5,-138.0,138.0,0.5798,away,0.011,0
2026-09-13T14:01:10+00:00,2026-09-13,Houston Astros,Tampa Bay Rays,0.49423,8.7,0.4717,8.5,-126.0,126.0,0.5575,away,0.0617,1
2026-09-13T14:01:10+00:00,2026-09-13,Los Angeles Dodgers,Miami Marlins,0.46611,9.17,0.5143,8.5,134.0,-134.0,0.4274,home,0.0482,1
2026-09-13T14:01:10+00:00,2026-09-13,Cleveland Guardians,Minnesota Twins,0.54013,8.92,0.4904,8.5,-116.0,116.0,0.537,away,0.0081,0
2026-09-13T14:01:10+00:00,2026-09-13,Cincinnati Reds,Milwaukee Brewers,0.56018,8.74,0.4754,8.5,-174.0,174.0,0.635,away,0.0916,1
2026-09-13T14:01:10+00:00,2026-09-13,Chicago White Sox,St. Louis Cardinals,0.51952,9.6,0.5426,8.5,117.0,-117.0,0.4608,home,0.0532,0
2026-09-13T14:01:10+00:00,2026-09-13,Pittsburgh Pirates,Chicago Cubs,0.58495,9.44,0.5306,8.5,-142.0,142.0,0.5868,away,0.0254,0
2026-09-13T14:01:10+00:00,2026-09-13,Kansas City Royals,Boston Red Sox,0.61405,8.18,0.4264,8.5,-164.0,164.0,0.6212,away,0.0385,1
2026-09-13T14:01:10+00:00,2026-09-13,Seattle Mariners,Athletics,0.44251,9.83,0.5598,8.5,122.0,-122.0,0.4505,home,0.0081,0
2026-09-13T14:01:10+00:00,2026-09-13,Texas Rangers,Arizona Diamondbacks,0.60529,8.88,0.4866,8.5,-128.0,128.0,0.5614,home,0.0149,0
2026-09-13T14:01:10+00:00,2026-09-13,San Diego Padres,San Francisco Giants,0.50674,8.59,0.4615,8.5,118.0,-118.0,0.4587,home,0.0461,1
2026-09-16T18:32:51+00:00,2026-09-16,Chicago White Sox,Cleveland Guardians,0.59077,8.42,0.4508,8.5,,,,,,
2026-09-16T18:32:51+00:00,2026-09-16,San Francisco Giants,St. Louis Cardinals,0.56701,9.95,0.5678,8.5,,,,,,
2026-09-16T18:32:51+00:00,2026-09-16,New York Yankees,Minnesota Twins,0.39376,8.9,0.4881,8.5,,,,,,
2026-09-16T18:32:51+00:00,2026-09-16,Detroit Tigers,Toronto Blue Jays,0.3589,9.6,0.5378,8.5,-119.0,119.0,0.5434,away,0.1462,1
2026-09-16T18:32:51+00:00,2026-09-16,Los Angeles Dodgers,Cincinnati Reds,0.31337,9.83,0.5501,8.5,191.0,-191.0,0.3436,home,0.0189,0
2026-09-16T18:32:51+00:00,2026-09-16,Athletics,Tampa Bay Rays,0.66101,8.27,0.4359,8.5,-163.0,163.0,0.6198,away,0.0019,0
2026-09-16T18:32:51+00:00,2026-09-16,Milwaukee Brewers,Pittsburgh Pirates,0.38798,9.04,0.4928,8.5,115.0,-115.0,0.4651,away,0.0464,1
2026-09-16T18:32:51+00:00,2026-09-16,Philadelphia Phillies,Washington Nationals,0.44734,9.41,0.5284,8.5,174.0,-174.0,0.365,home,0.0971,1
2026-09-16T18:32:51+00:00,2026-09-16,Baltimore Orioles,New York Mets,0.49548,9.35,0.5214,8.5,-111.0,111.0,0.5261,away,0.0293,0
2026-09-16T18:32:51+00:00,2026-09-16,Atlanta Braves,Chicago Cubs,0.60189,9.4,0.5255,8.5,-144.0,144.0,0.5902,away,0.0164,0
2026-09-16T18:32:51+00:00,2026-09-16,Boston Red Sox,Texas Rangers,0.4562,8.36,0.4393,8.5,101.0,-101.0,0.4975,away,0.0291,0
2026-09-16T18:32:51+00:00,2026-09-16,Kansas City Royals,Houston Astros,0.4752,9.69,0.5475,8.5,-146.0,146.0,0.5935,away,0.1113,1
2026-09-16T18:32:51+00:00,2026-09-16,San Diego Padres,Colorado Rockies,0.47256,9.78,0.553,8.5,151.0,-151.0,0.3984,home,0.0818,1
2026-09-16T18:32:51+00:00,2026-09-16,Seattle Mariners,Los Angeles Angels,0.47645,8.7,0.4703,8.5,125.0,-125.0,0.4444,home,0.0386,1
2026-09-16T18:32:51+00:00,2026-09-16,Miami Marlins,Arizona Diamondbacks,0.50646,9.91,0.5635,8.5,-124.0,124.0,0.5536,away,0.0489,1
